date,actual_return,predicted_return,model,ticker
2023-10-31,0.0185652306552537,-0.0029031555,xgboost,AAPL
2023-11-01,0.0204820610444763,-0.0012681524,xgboost,AAPL
2023-11-02,-0.0051945993639879,8.2550185e-05,xgboost,AAPL
2023-11-03,0.0144995341519461,0.00054131803,xgboost,AAPL
2023-11-06,0.0143473535708731,-0.0020725075,xgboost,AAPL
2023-11-07,0.0058676489027123,-0.0011700381,xgboost,AAPL
2023-11-08,-0.0026279551041478,0.0007796902,xgboost,AAPL
2023-11-09,0.0216379487322317,-0.0028008237,xgboost,AAPL
2023-11-10,-0.0086206937858833,-0.0053434228,xgboost,AAPL
2023-11-13,0.0141846315031169,-0.0018304276,xgboost,AAPL
2023-11-14,0.0030363164627485,-0.0035990127,xgboost,AAPL
2023-11-15,0.0090015020673229,-0.00017929214,xgboost,AAPL
2023-11-16,-0.0001054521454758,-0.0017831129,xgboost,AAPL
2023-11-17,0.009235488373932,-0.0019872792,xgboost,AAPL
2023-11-20,-0.004239832394175,-0.0003351617,xgboost,AAPL
2023-11-21,0.0035083066448759,-0.0023018955,xgboost,AAPL
2023-11-22,-0.0070289648510446,-0.0016742322,xgboost,AAPL
2023-11-24,-0.00094800900914,0.00062135974,xgboost,AAPL
2023-11-27,0.0032089279273993,0.0009355327,xgboost,AAPL
2023-11-28,-0.0054243428106808,-0.00011091051,xgboost,AAPL
2023-11-29,0.003058116077219,-0.00031795513,xgboost,AAPL
2023-11-30,0.0067683489143075,-0.0005827378,xgboost,AAPL
2023-12-01,-0.0095096880061573,-0.0006086872,xgboost,AAPL
2023-12-04,0.0208444563464148,0.0003045441,xgboost,AAPL
2023-12-05,-0.005703291391746,-0.002438339,xgboost,AAPL
2023-12-06,0.0100882766127333,-0.0018897277,xgboost,AAPL
2023-12-07,0.0073850399789838,-0.0008014595,xgboost,AAPL
2023-12-08,-0.0130116471848699,6.052706e-05,xgboost,AAPL
2023-12-11,0.0078889477717078,0.00050084846,xgboost,AAPL
2023-12-12,0.0165537173900591,0.000111262096,xgboost,AAPL
2023-12-13,0.0007574110681509,0.0015534682,xgboost,AAPL
2023-12-14,-0.0027294460702817,-0.0013184499,xgboost,AAPL
2023-12-15,-0.0085397149173038,0.0025809044,xgboost,AAPL
2023-12-18,0.0053458521368348,0.0009144202,xgboost,AAPL
2023-12-19,-0.0107717333603435,-0.0015581541,xgboost,AAPL
2023-12-20,-0.0007702455125948,0.0011704264,xgboost,AAPL
2023-12-21,-0.0055629409745186,0.0007972719,xgboost,AAPL
2023-12-22,-0.0028449678505331,0.00028389023,xgboost,AAPL
2023-12-26,0.0005178189940495,-0.00047556154,xgboost,AAPL
2023-12-27,0.0022238156674305,0.00064239075,xgboost,AAPL
2023-12-28,-0.0054388937789295,-0.0008613596,xgboost,AAPL
2023-12-29,-0.0364426683157658,-0.004723897,xgboost,AAPL
2024-01-02,-0.0075157800157055,-0.00888344,xgboost,AAPL
2024-01-03,-0.0127814516638865,-0.0028896597,xgboost,AAPL
2024-01-04,-0.0040211075895136,0.00712791,xgboost,AAPL
2024-01-05,0.0238872949105328,0.001852176,xgboost,AAPL
2024-01-08,-0.0022659743842161,-0.0065586283,xgboost,AAPL
2024-01-09,0.005655378478044,0.00029758696,xgboost,AAPL
2024-01-10,-0.0032277509624491,-0.006577677,xgboost,AAPL
2024-01-11,0.001776543956973,-0.0056313253,xgboost,AAPL
2024-01-12,-0.0123935736933481,-0.0064606126,xgboost,AAPL
2024-01-16,-0.0051869418979463,-0.0076898844,xgboost,AAPL
2024-01-17,0.0320515020196593,-0.0064134886,xgboost,AAPL
2024-01-18,0.0154136124862484,-0.007528803,xgboost,AAPL
2024-01-19,0.012089922065443,-0.008672951,xgboost,AAPL
2024-01-22,0.0066311873928703,-0.009194534,xgboost,AAPL
2024-01-23,-0.0034900091293561,-0.010613577,xgboost,AAPL
2024-01-24,-0.0016981084823013,-0.013591602,xgboost,AAPL
2024-01-25,-0.0090535811590081,-0.009090024,xgboost,AAPL
2024-01-26,-0.0035923633706289,-0.010594958,xgboost,AAPL
2024-01-29,-0.0194334395950962,-0.009474829,xgboost,AAPL
2024-01-30,-0.0195473924282988,-0.007886061,xgboost,AAPL
2024-01-31,0.0132523986079996,-0.00016882118,xgboost,AAPL
2024-02-01,-0.0054197470468218,-0.005777754,xgboost,AAPL
2024-02-02,0.0097984162957831,-0.0022075172,xgboost,AAPL
2024-02-05,0.0085947284564258,-0.009666601,xgboost,AAPL
2024-02-06,0.0005809226663932,-0.00860351,xgboost,AAPL
2024-02-07,-0.0057713145985712,-0.010238323,xgboost,AAPL
2024-02-08,0.0028103990734727,-0.0075212116,xgboost,AAPL
2024-02-09,-0.0090426797403721,-0.0071881725,xgboost,AAPL
2024-02-12,-0.0113384200976226,-0.0073433868,xgboost,AAPL
2024-02-13,-0.004821371893041,-0.006857588,xgboost,AAPL
2024-02-14,-0.0015760079915504,-0.0035486342,xgboost,AAPL
2024-02-15,-0.0084660803313998,-0.005066787,xgboost,AAPL
2024-02-16,-0.0041223572824271,-0.0049961074,xgboost,AAPL
2024-02-20,0.00417726096832,-0.003778911,xgboost,AAPL
2024-02-21,0.0111811564887745,-0.004219499,xgboost,AAPL
2024-02-22,-0.0100848021311491,-0.008405838,xgboost,AAPL
2024-02-23,-0.0074791405645892,-0.0049965996,xgboost,AAPL
2024-02-26,0.0080816360372504,-0.0049908278,xgboost,AAPL
2024-02-27,-0.0066474998461482,-0.0070494157,xgboost,AAPL
2024-02-28,-0.0036999140550196,-0.005090271,xgboost,AAPL
2024-02-29,-0.0060486648542593,-0.0007439046,xgboost,AAPL
2024-03-01,-0.0257089220354954,-0.00548087,xgboost,AAPL
2024-03-04,-0.0288532324658529,-0.0025984226,xgboost,AAPL
2024-03-05,-0.00589554843322,0.007803349,xgboost,AAPL
2024-03-06,-0.0007097783269727,0.019399824,xgboost,AAPL
2024-03-07,0.0101846213354042,0.015714103,xgboost,AAPL
2024-03-08,0.0117621263893017,0.004515079,xgboost,AAPL
2024-03-11,0.0027747039795536,0.0021173344,xgboost,AAPL
2024-03-12,-0.0121966365052053,0.003247166,xgboost,AAPL
2024-03-13,0.0108680643756515,0.0023804847,xgboost,AAPL
2024-03-14,-0.0021989759927496,-0.0029804877,xgboost,AAPL
2024-03-15,0.0063521961884346,0.003575507,xgboost,AAPL
2024-03-18,0.0134936329237352,0.0014528398,xgboost,AAPL
2024-03-19,0.0146020710796273,0.002848441,xgboost,AAPL
2024-03-20,-0.0417155855168771,0.0063079624,xgboost,AAPL
2024-03-21,0.0052961199203837,-0.0031651738,xgboost,AAPL
2024-03-22,-0.008335038814622,0.005236629,xgboost,AAPL
2024-03-25,-0.0066948767017154,0.005262769,xgboost,AAPL
2024-03-26,0.0209907467903555,0.0024726025,xgboost,AAPL
2024-03-27,-0.0106152675597895,0.0021610009,xgboost,AAPL
2024-03-28,-0.008491731924507,0.009326388,xgboost,AAPL
2024-04-01,-0.0070233856655779,-0.0015092535,xgboost,AAPL
2024-04-02,0.0047859560286581,0.001095814,xgboost,AAPL
2024-04-03,-0.0049043533127807,0.005217819,xgboost,AAPL
2024-04-04,0.0044917007330891,0.00051359687,xgboost,AAPL
2024-04-05,-0.0066858509375796,-0.004305242,xgboost,AAPL
2024-04-08,0.0072164115271257,-0.0007044754,xgboost,AAPL
2024-04-09,-0.0112017731204583,0.001234778,xgboost,AAPL
2024-04-10,0.0423608907348964,0.0023974571,xgboost,AAPL
2024-04-11,0.0085896587824836,-0.0004600533,xgboost,AAPL
2024-04-12,-0.0221060459258245,0.002561624,xgboost,AAPL
2024-04-15,-0.0193533534130716,-0.0036978736,xgboost,AAPL
2024-04-16,-0.0081807609177558,-0.00056054746,xgboost,AAPL
2024-04-17,-0.0057307149021562,0.0006036216,xgboost,AAPL
2024-04-18,-0.012287790600522,-0.0010529328,xgboost,AAPL
2024-04-19,0.0050779721447594,-0.0036067176,xgboost,AAPL
2024-04-22,0.0063713480525528,6.9302096e-06,xgboost,AAPL
2024-04-23,0.0126222822962855,-0.0014397881,xgboost,AAPL
2024-04-24,0.005134088807017,0.00072433206,xgboost,AAPL
2024-04-25,-0.0034788580363657,0.00076495006,xgboost,AAPL
2024-04-26,0.0245052922220842,-0.00065309554,xgboost,AAPL
2024-04-29,-0.0184398567643858,0.0022747824,xgboost,AAPL
2024-04-30,-0.0060654354576983,-0.0022520223,xgboost,AAPL
2024-05-01,0.0217926756488632,-0.0015360655,xgboost,AAPL
2024-05-02,0.0580955464348065,0.0005736804,xgboost,AAPL
2024-05-03,-0.0091484826392808,0.0016190078,xgboost,AAPL
2024-05-06,0.0037899975687553,-0.0024175015,xgboost,AAPL
2024-05-07,0.0018623634524984,-0.006266588,xgboost,AAPL
2024-05-08,0.0099644273713336,-0.0069434457,xgboost,AAPL
2024-05-09,-0.0082694787638438,-0.005131595,xgboost,AAPL
2024-05-10,0.017491555323159,-0.0013257854,xgboost,AAPL
2024-05-13,0.0061544917326828,-0.0037288005,xgboost,AAPL
2024-05-14,0.012143904149812,-0.007810631,xgboost,AAPL
2024-05-15,0.0006322853933872,-0.0036918272,xgboost,AAPL
2024-05-16,0.0001580089017109,-0.0035431166,xgboost,AAPL
2024-05-17,0.0061431933217449,0.0003865489,xgboost,AAPL
2024-05-20,0.0068338658691442,0.0019023295,xgboost,AAPL
2024-05-21,-0.0075669621702208,0.00022545047,xgboost,AAPL
2024-05-22,-0.0212829729914576,0.0005212208,xgboost,AAPL
2024-05-23,0.0164520552051067,-0.0017607398,xgboost,AAPL
2024-05-24,5.268713632773409e-05,-0.0003192428,xgboost,AAPL
2024-05-28,0.0015777209222636,0.00016274978,xgboost,AAPL
2024-05-29,0.0052413770350908,-0.0050892346,xgboost,AAPL
2024-05-30,0.0050060423190389,0.0011630435,xgboost,AAPL
2024-05-31,0.0092161716061164,-0.0017354626,xgboost,AAPL
2024-06-03,0.0016479087111243,-0.0003107229,xgboost,AAPL
2024-06-04,0.0077904602348142,-0.0003603739,xgboost,AAPL
2024-06-05,-0.00712184089858,-0.00026810353,xgboost,AAPL
2024-06-06,0.0123158860145504,-0.0032223712,xgboost,AAPL
2024-06-07,-0.0193334619883839,-0.00070827105,xgboost,AAPL
2024-06-10,0.0701314069937836,4.001602e-05,xgboost,AAPL
2024-06-11,0.0281776455328023,-0.00702376,xgboost,AAPL
2024-06-12,0.0054761229911165,-0.012653386,xgboost,AAPL
2024-06-13,-0.0082019532980566,-0.010663064,xgboost,AAPL
2024-06-14,0.019480495982683,-0.010428102,xgboost,AAPL
2024-06-17,-0.0110452437634873,-0.011697822,xgboost,AAPL
2024-06-18,-0.0217476824195458,-0.009424872,xgboost,AAPL
2024-06-20,-0.0104993518719755,-0.003327408,xgboost,AAPL
2024-06-21,0.0031277550645894,-0.007028448,xgboost,AAPL
2024-06-24,0.0044582318736075,-0.009622776,xgboost,AAPL
2024-06-25,0.0197960272208764,-0.013947017,xgboost,AAPL
2024-06-26,0.0039780377316278,-0.010924322,xgboost,AAPL
2024-06-27,-0.0163876853340082,-0.007912231,xgboost,AAPL
2024-06-28,0.0286890768912434,-0.016005911,xgboost,AAPL
2024-07-01,0.0161094703318867,-0.009347004,xgboost,AAPL
2024-07-02,0.0057942254275385,-0.0075711505,xgboost,AAPL
2024-07-03,0.0213899659380362,-0.006484904,xgboost,AAPL
2024-07-05,0.0065175982627998,-0.012439573,xgboost,AAPL
2024-07-08,0.0037677387466135,-0.0154007515,xgboost,AAPL
2024-07-09,0.0186289802657879,-0.011705402,xgboost,AAPL
2024-07-10,-0.0234946790777223,-0.018575223,xgboost,AAPL
2024-07-11,0.0129664384949213,-0.013676611,xgboost,AAPL
2024-07-12,0.0166046776134547,-0.012914777,xgboost,AAPL
2024-07-15,0.0017902627288762,-0.010315323,xgboost,AAPL
2024-07-16,-0.0256214243174853,-0.011951787,xgboost,AAPL
2024-07-17,-0.0207486021535618,-0.011726178,xgboost,AAPL
2024-07-18,0.0005797448740639,-0.0119846845,xgboost,AAPL
2024-07-19,-0.0015615183371945,-0.0050266874,xgboost,AAPL
2024-07-22,0.0046773267895952,-0.00754546,xgboost,AAPL
2024-07-23,-0.0291757878271199,-0.011140949,xgboost,AAPL
2024-07-24,-0.0048161357037848,-0.006802125,xgboost,AAPL
2024-07-25,0.0021586928007478,-0.0063827485,xgboost,AAPL
2024-07-26,0.0012838093072819,-0.0041233017,xgboost,AAPL
2024-07-29,0.0025626846701438,-0.0016839541,xgboost,AAPL
2024-07-30,0.0148796010679316,-0.009700964,xgboost,AAPL
2024-07-31,-0.0168926058547435,-0.010159508,xgboost,AAPL
2024-08-01,0.0068459032180908,-0.011153056,xgboost,AAPL
2024-08-02,-0.0493656782582097,-0.009852871,xgboost,AAPL
2024-08-05,-0.0097960377362041,-0.03308696,xgboost,AAPL
2024-08-06,0.0124207882780956,0.007881526,xgboost,AAPL
2024-08-07,0.0164964400478909,-0.005980927,xgboost,AAPL
2024-08-08,0.0136424321128991,-0.0064834175,xgboost,AAPL
2024-08-09,0.0059478390686753,-0.0069135414,xgboost,AAPL
2024-08-12,0.017046928151695,-0.0047279806,xgboost,AAPL
2024-08-13,0.0020316354655588,-0.014178107,xgboost,AAPL
2024-08-14,0.0134398581708848,-0.011052896,xgboost,AAPL
2024-08-15,0.005901039012885,-0.0117226215,xgboost,AAPL
2024-08-16,-0.0007080748237823,-0.009873361,xgboost,AAPL
2024-08-19,0.0027409173903692,-0.017874083,xgboost,AAPL
2024-08-20,-0.0004857504375308,-0.014601876,xgboost,AAPL
2024-08-21,-0.0082939962626307,-0.014114381,xgboost,AAPL
2024-08-22,0.0102355838944022,-0.009915106,xgboost,AAPL
2024-08-23,0.0014977155617508,-0.010446755,xgboost,AAPL
2024-08-26,0.0037345713292433,-0.0096431635,xgboost,AAPL
2024-08-27,-0.0067763758012827,-0.011444072,xgboost,AAPL
2024-08-28,0.0144650010579217,-0.011473484,xgboost,AAPL
2024-08-29,-0.0034438155952011,-0.010919463,xgboost,AAPL
2024-08-30,-0.0275821352986589,-0.010847139,xgboost,AAPL
2024-09-03,-0.0086561025765702,-0.009829,xgboost,AAPL
2024-09-04,0.0069038865531591,-0.009177877,xgboost,AAPL
2024-09-05,-0.0070397290529031,-0.0038103112,xgboost,AAPL
2024-09-06,0.0004074721522082,-0.0077894176,xgboost,AAPL
2024-09-09,-0.0036279711645232,-0.009041804,xgboost,AAPL
2024-09-10,0.0115185365807008,-0.0055777105,xgboost,AAPL
2024-09-11,0.0004939075079283,-0.008508731,xgboost,AAPL
2024-09-12,-0.0012127666492858,-0.011615833,xgboost,AAPL
2024-09-13,-0.0281682748934364,-0.008164507,xgboost,AAPL
2024-09-16,0.0021702853581153,-0.012304526,xgboost,AAPL
2024-09-17,0.0178299008516995,-0.0066411933,xgboost,AAPL
2024-09-18,0.0363951225131375,-0.0076158396,xgboost,AAPL
2024-09-19,-0.0029317113810075,-0.011456249,xgboost,AAPL
2024-09-20,-0.0076099328450285,-0.0117858555,xgboost,AAPL
2024-09-23,0.0039661338070886,-0.0043112487,xgboost,AAPL
2024-09-24,-0.0044078178718805,-0.00983387,xgboost,AAPL
2024-09-25,0.00506735824829,-0.00763011,xgboost,AAPL
2024-09-26,0.0011859570260456,-0.0093740495,xgboost,AAPL
2024-09-27,0.0226143311463818,-0.009954972,xgboost,AAPL
2024-09-30,-0.0295746525161584,-0.010421434,xgboost,AAPL
2024-10-01,0.002516578111388,-0.008865726,xgboost,AAPL
2024-10-02,-0.0049066320909708,-0.006694087,xgboost,AAPL
2024-10-03,0.0049948382393597,-0.0043749684,xgboost,AAPL
2024-10-04,-0.0227885646907539,-0.010093108,xgboost,AAPL
2024-10-07,0.018236780255269,-0.012505755,xgboost,AAPL
2024-10-08,0.0165604761294622,-0.0050571607,xgboost,AAPL
2024-10-09,-0.0021806455265144,-0.0051111896,xgboost,AAPL
2024-10-10,-0.0065266236027587,-0.00941093,xgboost,AAPL
2024-10-11,0.0163455745573077,-0.009611417,xgboost,AAPL
2024-10-14,0.0109643278406946,-0.00833181,xgboost,AAPL
2024-10-15,-0.0088912696324263,-0.008925103,xgboost,AAPL
2024-10-16,0.0015950475350728,-0.009969083,xgboost,AAPL
2024-10-17,0.0122018259694868,-0.010487117,xgboost,AAPL
2024-10-18,0.0062781055487758,-0.010078139,xgboost,AAPL
2024-10-21,-0.0026252084433402,-0.011655125,xgboost,AAPL
2024-10-22,-0.021860225665569,-0.011572631,xgboost,AAPL
2024-10-23,-0.0008236498497984,-0.012960308,xgboost,AAPL
2024-10-24,0.0036365091285522,-0.011823135,xgboost,AAPL
2024-10-25,0.0085626488392234,-0.008691698,xgboost,AAPL
2024-10-28,0.001156162061893,-0.011999325,xgboost,AAPL
2024-10-29,-0.0153958321970845,-0.011655407,xgboost,AAPL
2024-10-30,-0.0183773174872015,-0.012274964,xgboost,AAPL
2024-10-31,-0.0133685870981237,-0.014052805,xgboost,AAPL
2024-11-01,-0.0040457178215269,-0.0048497785,xgboost,AAPL
2024-11-04,0.0064652605620484,-0.0058941524,xgboost,AAPL
2024-11-05,-0.003272279095066,-0.00630222,xgboost,AAPL
2024-11-06,0.0211469210299577,-0.014410254,xgboost,AAPL
2024-11-07,-0.0022884835745838,-0.010608097,xgboost,AAPL
2024-11-08,-0.0121015283507985,-0.007535378,xgboost,AAPL
2024-11-11,0.0,-0.008866451,xgboost,AAPL
2024-11-12,0.0039612799447406,-0.0065653883,xgboost,AAPL
2024-11-13,0.0136765096790758,-0.007691203,xgboost,AAPL
2024-11-14,-0.0142096791509133,-0.0073737605,xgboost,AAPL
2024-11-15,0.0133329609383733,-0.0097305495,xgboost,AAPL
2024-11-18,0.0011395771783196,-0.0076554837,xgboost,AAPL
2024-11-19,0.0031490632331264,-0.0065751113,xgboost,AAPL
2024-11-20,-0.0020982510017549,-0.010006349,xgboost,AAPL
2024-11-21,0.0058901579422149,-0.01070952,xgboost,AAPL
2024-11-22,0.0129664264824687,-0.010745907,xgboost,AAPL
2024-11-25,0.0093604533412283,-0.012081914,xgboost,AAPL
2024-11-26,-0.0005532240636161,-0.011130938,xgboost,AAPL
2024-11-27,0.0101640191618603,-0.012394371,xgboost,AAPL
2024-11-29,0.0094775284417267,-0.01098961,xgboost,AAPL
2024-12-02,0.0126909368392794,-0.0102088265,xgboost,AAPL
2024-12-03,0.0014825214548612,-0.01035495,xgboost,AAPL
2024-12-04,0.0001234390704178,-0.013025166,xgboost,AAPL
2024-12-05,-0.0008232360410316,-0.013011054,xgboost,AAPL
2024-12-06,0.015972903131696,-0.012763004,xgboost,AAPL
2024-12-09,0.0041252354208013,-0.013811853,xgboost,AAPL
2024-12-10,-0.0051794667403223,-0.012494044,xgboost,AAPL
2024-12-11,0.0059460229160607,-0.012374799,xgboost,AAPL
2024-12-12,0.0006853521402387,-0.012641734,xgboost,AAPL
2024-12-13,0.0116594401901398,-0.012014663,xgboost,AAPL
2024-12-16,0.0096726453595876,-0.01226831,xgboost,AAPL
2024-12-17,-0.0216545565500444,-0.010078096,xgboost,AAPL
2024-12-18,0.0069901869364548,-0.012257363,xgboost,AAPL
2024-12-19,0.0186410260862355,-0.010449093,xgboost,AAPL
2024-12-20,0.0030602611938598,-0.0032257803,xgboost,AAPL
2024-12-23,0.0114127004233638,-0.010389995,xgboost,AAPL
2024-12-24,0.0031707106904937,-0.010537456,xgboost,AAPL
2024-12-26,-0.0133306526011646,-0.007335506,xgboost,AAPL
2024-12-27,-0.0133521723490229,-0.011041703,xgboost,AAPL
2024-12-30,-0.0070829105014057,-0.0110750515,xgboost,AAPL
2024-12-31,-0.0265861937430101,-0.0031506543,xgboost,AAPL
2025-01-02,-0.0020114761668546,-0.005244222,xgboost,AAPL
2025-01-03,0.0067163795257249,-0.006695997,xgboost,AAPL
2025-01-06,-0.0114530643672932,-0.0026576286,xgboost,AAPL
2025-01-07,0.0020209539809241,-0.0022120115,xgboost,AAPL
2025-01-08,-0.0243990450190571,-0.003798511,xgboost,AAPL
2025-01-10,-0.0103980234753325,-0.003970745,xgboost,AAPL
2025-01-13,-0.0047895880764557,-0.0064047026,xgboost,AAPL
2025-01-14,0.0194848418376733,-0.0008385743,xgboost,AAPL
2025-01-15,-0.0412389793651137,-0.008143816,xgboost,AAPL
2025-01-16,0.0075070239829137,-0.008764175,xgboost,AAPL
2025-01-17,-0.0324362155667787,-7.1466784e-06,xgboost,AAPL
2025-01-21,0.0053307288558852,0.011522674,xgboost,AAPL
2025-01-22,-0.0007597853584952,0.013550588,xgboost,AAPL
2025-01-23,-0.0039423260359642,0.007540968,xgboost,AAPL
2025-01-24,0.0312856986582985,0.019592568,xgboost,AAPL
2025-01-27,0.0358920607199488,-0.004634867,xgboost,AAPL
2025-01-28,0.0046062060201635,-0.011686345,xgboost,AAPL
2025-01-29,-0.0074222136889139,-0.005314139,xgboost,AAPL
2025-01-30,-0.0067146786215198,-0.014043753,xgboost,AAPL
2025-01-31,-0.0344423414756209,-0.013663235,xgboost,AAPL
2025-02-03,0.0207902654162189,0.005708845,xgboost,AAPL
2025-02-04,-0.0014185392712259,-0.0049618883,xgboost,AAPL
2025-02-05,0.0032210296313318,-0.0037372222,xgboost,AAPL
2025-02-06,-0.0242606941163623,-0.0059932014,xgboost,AAPL
2025-02-07,8.780975987685215e-05,-0.004876626,xgboost,AAPL
2025-02-10,0.021596864950554,0.0022848358,xgboost,AAPL
2025-02-11,0.0181052469002164,-0.0047051623,xgboost,AAPL
2025-02-12,0.0194822371053569,-0.0033462255,xgboost,AAPL
2025-02-13,0.0126305642801643,-0.007466056,xgboost,AAPL
2025-02-14,-0.0005316412126182,-0.0069419504,xgboost,AAPL
2025-02-18,0.0016348305414047,-0.012168371,xgboost,AAPL
2025-02-19,0.0039128100454555,-0.0103415605,xgboost,AAPL
2025-02-20,-0.0011396426668541,-0.014370822,xgboost,AAPL
2025-02-21,0.0062925327816455,-0.0152041335,xgboost,AAPL
2025-02-24,-0.0002428980359896,-0.013520151,xgboost,AAPL
2025-02-25,-0.0274124376541138,-0.0136538735,xgboost,AAPL
2025-02-26,-0.0128126257029957,-0.011470633,xgboost,AAPL
2025-02-27,0.0189511590264534,-0.011107292,xgboost,AAPL
2025-02-28,-0.0158796243089097,-0.0075894613,xgboost,AAPL
2025-03-03,-0.0088615912050095,-0.010946419,xgboost,AAPL
2025-03-04,-0.0008055937143746,-0.013227748,xgboost,AAPL
2025-03-05,-0.001740733900549,-0.0041730925,xgboost,AAPL
2025-03-06,0.0157676345143951,-0.006841745,xgboost,AAPL
2025-03-07,-0.0496941230571603,-0.011757945,xgboost,AAPL
2025-03-10,-0.0296238628236917,-0.0106142415,xgboost,AAPL
2025-03-11,-0.0176332771294782,0.005953239,xgboost,AAPL
2025-03-12,-0.0342226396190386,0.0070777214,xgboost,AAPL
2025-03-13,0.0180074948098526,0.022356205,xgboost,AAPL
2025-03-14,0.0023859961273081,0.0056977035,xgboost,AAPL
2025-03-17,-0.0061402970166906,0.01192311,xgboost,AAPL
2025-03-18,0.0119179921371695,0.012079075,xgboost,AAPL
2025-03-19,-0.005310486038914,-0.0021621475,xgboost,AAPL
2025-03-20,0.019289624021771,0.013834217,xgboost,AAPL
2025-03-21,0.0112073676718826,-0.0021634928,xgboost,AAPL
2025-03-24,0.0135891413578946,-0.0032723795,xgboost,AAPL
2025-03-25,-0.0099713421707094,-0.0063007255,xgboost,AAPL
2025-03-26,0.0104181969688148,-0.0033849196,xgboost,AAPL
2025-03-27,-0.0269399980131232,-0.007127015,xgboost,AAPL
2025-03-28,0.0192266041113627,-0.00057158794,xgboost,AAPL
2025-03-31,0.0047606195234744,-0.00759885,xgboost,AAPL
2025-04-01,0.0031314195104993,-0.0049582697,xgboost,AAPL
2025-04-02,-0.0970133431749755,-0.008378002,xgboost,AAPL
2025-04-03,-0.0756802885956216,0.00042967114,xgboost,AAPL
2025-04-04,-0.037425944574046,0.03969322,xgboost,AAPL
2025-04-07,-0.051101930578596,0.004838382,xgboost,AAPL
2025-04-08,0.142617452185724,0.03172175,xgboost,AAPL
2025-04-09,-0.0433186531060965,-0.036847375,xgboost,AAPL
2025-04-10,0.039792139592271,-0.015751256,xgboost,AAPL
2025-04-11,0.0218143793642545,-0.021561181,xgboost,AAPL
2025-04-14,-0.0018781445711302,-0.03564155,xgboost,AAPL
2025-04-15,-0.0397115575839912,-0.03013571,xgboost,AAPL
2025-04-16,0.0138532130086594,-0.0035230594,xgboost,AAPL
2025-04-17,-0.0195832990874515,0.009105064,xgboost,AAPL
2025-04-21,0.0334976683522773,-0.008839137,xgboost,AAPL
2025-04-22,0.0240403350324195,-0.013745715,xgboost,AAPL
2025-04-23,0.0182584387997526,-0.017292008,xgboost,AAPL
2025-04-24,0.0043577402872305,0.012879837,xgboost,AAPL
2025-04-25,0.0041009099201662,-0.007535002,xgboost,AAPL
2025-04-28,0.0050789586275594,-0.005623198,xgboost,AAPL
2025-04-29,0.0060890573807824,-0.00835849,xgboost,AAPL
2025-04-30,0.0038514317023505,-0.0053435974,xgboost,AAPL
2025-05-01,-0.0380775499417539,-0.0117753325,xgboost,AAPL
2025-05-02,-0.0319639651187027,-0.011415299,xgboost,AAPL
2025-05-05,-0.0019124559862643,0.0035905908,xgboost,AAPL
2025-05-06,-0.0114500923575833,-0.0015957638,xgboost,AAPL
2025-05-07,0.0062986213002741,0.0012329681,xgboost,AAPL
2025-05-08,0.0052522380974868,-0.010066676,xgboost,AAPL
2025-05-09,0.0599221293005481,0.006471128,xgboost,AAPL
2025-05-12,0.0101010934401718,0.006376926,xgboost,AAPL
2025-05-13,-0.0028217619836696,-0.010587114,xgboost,AAPL
2025-05-14,-0.0041531273313586,-0.01268138,xgboost,AAPL
2025-05-15,-0.0008989730928671,-0.01819735,xgboost,AAPL
2025-05-16,-0.0118085162597905,-0.013356512,xgboost,AAPL
2025-05-19,-0.0092388212331014,-0.009100237,xgboost,AAPL
2025-05-20,-0.023329114291235,-0.005713756,xgboost,AAPL
2025-05-21,-0.0036187707507698,-0.0060868617,xgboost,AAPL
2025-05-22,-0.0307111157260403,-0.0057250494,xgboost,AAPL
2025-05-23,0.0249836110855662,-0.0030769496,xgboost,AAPL
2025-05-27,0.0010483062763625,-0.006342518,xgboost,AAPL
2025-05-28,-0.0023478354638725,-0.008574585,xgboost,AAPL
2025-05-29,0.0044910711634954,-0.007457575,xgboost,AAPL
2025-05-30,0.0042230386362656,-0.009743037,xgboost,AAPL
2025-06-02,0.0077537357595365,-0.0005179869,xgboost,AAPL
2025-06-03,-0.0022162432937545,-0.007544039,xgboost,AAPL
2025-06-04,-0.0108564822662564,-0.008253124,xgboost,AAPL
2025-06-05,0.0162653110590715,-0.008112991,xgboost,AAPL
2025-06-06,-0.0121865546001833,-0.008131772,xgboost,AAPL
2025-06-09,0.006037835008164,-0.0050786147,xgboost,AAPL
2025-06-10,-0.0193803520976772,-0.007596787,xgboost,AAPL
2025-06-11,0.0021106504315444,-0.006381832,xgboost,AAPL
2025-06-12,-0.0139013993604867,-0.0064977147,xgboost,AAPL
2025-06-13,0.0099780565236386,-0.0063349064,xgboost,AAPL
2025-06-16,-0.0141097544421927,-0.008090163,xgboost,AAPL
2025-06-17,0.0047932499016479,-0.005435029,xgboost,AAPL
2025-06-18,0.0222354256060402,-0.010635876,xgboost,AAPL
2025-06-20,0.0024844733276619,-0.006406947,xgboost,AAPL
2025-06-23,-0.00597312347903,-0.0068900976,xgboost,AAPL
2025-06-24,0.006270833792136,-0.01023569,xgboost,AAPL
2025-06-25,-0.0027821836407678,-0.00972369,xgboost,AAPL
2025-06-26,0.0003979398713991,-0.010244897,xgboost,AAPL
2025-06-27,0.0201360469230661,-0.008464198,xgboost,AAPL
2025-06-30,0.0128334608140478,-0.011902124,xgboost,AAPL
2025-07-01,0.0219872513788248,-0.010612712,xgboost,AAPL
2025-07-02,0.0052114045316625,-0.012861265,xgboost,AAPL
2025-07-03,-0.017001618983515,-0.01091305,xgboost,AAPL
2025-07-07,0.000285729880097,-0.014006456,xgboost,AAPL
2025-07-08,0.0053662951961471,-0.007033604,xgboost,AAPL
2025-07-09,0.0059969688087457,-0.003920434,xgboost,AAPL
2025-07-10,-0.0059022291813183,-0.008353574,xgboost,AAPL
2025-07-11,-0.0121017654557022,-0.012082401,xgboost,AAPL
2025-07-14,0.0023460403749842,-0.010882899,xgboost,AAPL
2025-07-15,0.005008730585109,-0.00873613,xgboost,AAPL
2025-07-16,-0.000666378181662,-0.006642306,xgboost,AAPL
2025-07-17,0.0055080310750558,-0.010171576,xgboost,AAPL
2025-07-18,0.0061370304844602,-0.009661144,xgboost,AAPL
2025-07-21,0.0089955545482788,-0.010342845,xgboost,AAPL
2025-07-22,-0.0011667251685005,-0.010505728,xgboost,AAPL
2025-07-23,-0.0018228109097861,-0.010095615,xgboost,AAPL
2025-07-24,0.000561268259743,-0.011500573,xgboost,AAPL
2025-07-25,0.0007945139379612,-0.011771462,xgboost,AAPL
2025-07-28,-0.0130726903132789,-0.0111342715,xgboost,AAPL
2025-07-29,-0.0105634841341019,-0.011426767,xgboost,AAPL
2025-07-30,-0.0071048049364285,-0.009029403,xgboost,AAPL
2025-07-31,-0.0253215250357995,-0.0024916097,xgboost,AAPL
2025-08-01,0.0047815199394972,-6.962966e-05,xgboost,AAPL
2025-08-04,-0.0021168586931033,-0.0069809733,xgboost,AAPL
2025-08-05,0.0496533826968293,-0.0058361865,xgboost,AAPL
2025-08-06,0.031298708772367,-0.005878548,xgboost,AAPL
2025-08-07,0.0414853525112578,-0.0139744505,xgboost,AAPL
2025-08-08,-0.0095066250918548,-0.006873118,xgboost,AAPL
2025-08-11,0.010813761630775,-0.012024452,xgboost,AAPL
2025-08-12,0.015897384212123,-0.00949124,xgboost,AAPL
2025-08-13,-0.0023599721366471,-0.014445198,xgboost,AAPL
2025-08-14,-0.0051252452089797,-0.013345533,xgboost,AAPL
2025-08-15,-0.0030271470733911,-0.014141171,xgboost,AAPL
2025-08-18,-0.0014302823252549,-0.013795322,xgboost,AAPL
2025-08-19,-0.0199318998861521,-0.010584686,xgboost,AAPL
2025-08-20,-0.0049233899495598,-0.009602893,xgboost,AAPL
2025-08-21,0.0126365870250977,-0.0073948866,xgboost,AAPL
2025-08-22,-0.0026377877210608,-0.0046283975,xgboost,AAPL
2025-08-25,0.0094201581256376,-0.010362425,xgboost,AAPL
2025-08-26,0.0051327121240552,-0.013074189,xgboost,AAPL
2025-08-27,0.0089407443724558,-0.010119197,xgboost,AAPL
2025-08-28,-0.0018076104414198,-0.011572926,xgboost,AAPL
2025-08-29,-0.0104794540012677,-0.009507627,xgboost,AAPL
2025-09-02,0.0373823400620571,-0.009290171,xgboost,AAPL
2025-09-03,0.0054783098165509,-0.010015759,xgboost,AAPL
2025-09-04,-0.0003753992479963,-0.009548667,xgboost,AAPL
2025-09-05,-0.0075800665758205,-0.012482775,xgboost,AAPL
2025-09-08,-0.0149506149516016,-0.00951289,xgboost,AAPL
2025-09-09,-0.0327913008462835,-0.010460911,xgboost,AAPL
2025-09-10,0.0141852803263389,-0.0016053051,xgboost,AAPL
2025-09-11,0.0174105173193175,-0.005134514,xgboost,AAPL
2025-09-12,0.0111732564144706,-0.008420914,xgboost,AAPL
2025-09-15,0.0061071979909954,-0.009602615,xgboost,AAPL
2025-09-16,0.0035210314188807,-0.009109669,xgboost,AAPL
2025-09-17,-0.0046553676721179,-0.006007674,xgboost,AAPL
2025-09-18,0.0315305818698142,-0.01119504,xgboost,AAPL
2025-09-19,0.0421928959913296,-0.010494291,xgboost,AAPL
2025-09-22,-0.0064641229709604,-0.017234994,xgboost,AAPL
2025-09-23,-0.008367239714873,-0.014547072,xgboost,AAPL
2025-09-24,0.0179116207919066,-0.018988755,xgboost,AAPL
2025-09-25,-0.0055042334358666,-0.019808164,xgboost,AAPL
2025-09-26,-0.004040147641167,-0.013384929,xgboost,AAPL
2025-09-29,0.0007858099960032,-0.013955479,xgboost,AAPL
2025-09-30,0.0032151535792634,-0.01214112,xgboost,AAPL
2025-10-01,0.0065551287383542,-0.0111154,xgboost,AAPL
2025-10-02,0.0034552461490576,-0.01120443,xgboost,AAPL
2025-10-03,-0.0051679180679675,-0.01041728,xgboost,AAPL
2025-10-06,-0.0008184089533852,-0.00958686,xgboost,AAPL
2025-10-07,0.0061413748668143,-0.012191271,xgboost,AAPL
2025-10-08,-0.0157003980566972,-0.011642784,xgboost,AAPL
2025-10-09,-0.0351320465271235,-0.014603983,xgboost,AAPL
2025-10-10,0.0096971905945303,-0.0089813005,xgboost,AAPL
2025-10-13,0.0004440611605977,-0.0036087723,xgboost,AAPL
2025-10-14,0.006316498495225,-0.004004552,xgboost,AAPL
2025-10-15,-0.0076088831645482,-0.005668561,xgboost,AAPL
2025-10-16,0.0193706638299994,-0.0073647704,xgboost,AAPL
2025-10-17,0.038680884861185,-0.0028222403,xgboost,AAPL
2025-10-20,0.0020190052771787,-0.010725117,xgboost,AAPL
2025-10-21,-0.0165767841596911,-0.0111974785,xgboost,AAPL
2025-10-22,0.0043625896571767,-0.013744575,xgboost,AAPL
2025-10-23,0.0124045265523875,-0.010228215,xgboost,AAPL
2025-10-24,0.0225353861723753,-0.0103021255,xgboost,AAPL
2025-10-27,0.0007065783461586,-0.008846277,xgboost,AAPL
2025-10-28,0.0025988958053615,-0.010457548,xgboost,AAPL
2025-10-29,0.006283449504564,-0.0118905185,xgboost,AAPL
2025-10-30,-0.0038023517033056,-0.014071777,xgboost,AAPL
2025-10-31,-0.0048941826438965,-0.010962856,xgboost,AAPL
2025-11-03,0.0036729372522777,-0.0090535665,xgboost,AAPL
2025-11-04,0.0003702695411318,-0.009474337,xgboost,AAPL
2025-11-05,-0.0013706939682153,-0.009944549,xgboost,AAPL
2025-11-06,-0.0048305229799918,-0.011589587,xgboost,AAPL
2025-11-07,0.003569408757078,-0.010959017,xgboost,AAPL
2025-11-10,0.0213711864359464,-0.009884828,xgboost,AAPL
2025-11-11,-0.006487844507194,-0.011782855,xgboost,AAPL
2025-11-12,-0.0019032581452385,-0.011333805,xgboost,AAPL
2025-11-13,-0.0019803751859178,-0.011705,xgboost,AAPL
2025-11-14,-0.0183383072681993,-0.008273475,xgboost,AAPL
2025-11-17,-7.473925559643532e-05,-0.011677189,xgboost,AAPL
2025-11-18,0.0041790923404069,-0.005514225,xgboost,AAPL
2025-11-19,-0.0086386265574151,-0.0030554584,xgboost,AAPL
2025-11-20,0.0194895532890237,-0.006846809,xgboost,AAPL
2025-11-21,0.016185746981243,-0.006056406,xgboost,AAPL
2025-11-24,0.0037981841864668,-0.007637791,xgboost,AAPL
2025-11-25,0.0020918516744236,-0.009396502,xgboost,AAPL
2025-11-26,0.0046729715689383,-0.012878097,xgboost,AAPL
2025-11-28,0.0151261889536981,-0.010231373,xgboost,AAPL
2025-12-01,0.0108557207642249,-0.012057817,xgboost,AAPL
2025-12-02,-0.0071536881784303,-0.010277967,xgboost,AAPL
2025-12-03,-0.0122157194075665,-0.010847782,xgboost,AAPL
2025-12-04,-0.0068635909326489,-0.01043633,xgboost,AAPL
2025-12-05,-0.0031975312758841,-0.00822423,xgboost,AAPL
2025-12-08,-0.0025583164305193,-0.008175177,xgboost,AAPL
2025-12-09,0.0057558477064034,-0.010311225,xgboost,AAPL
2025-12-10,-0.0026939187761114,-0.009278543,xgboost,AAPL
2025-12-11,0.0008987795219441,-0.008381074,xgboost,AAPL
2025-12-12,-0.0150983644301995,-0.011751239,xgboost,AAPL
2025-12-15,0.0018224236954371,-0.010835824,xgboost,AAPL
2025-12-16,-0.010138211482018,-0.004253201,xgboost,AAPL
2025-12-17,0.00128671636708,-0.0059870835,xgboost,AAPL
2025-12-18,0.0054226892243876,-0.0071377377,xgboost,AAPL
2025-12-19,-0.0099149318937192,-0.0051052016,xgboost,AAPL
2025-12-22,0.0051165486815904,-0.0073114014,xgboost,AAPL
2025-12-23,0.005309759449072,-0.009524776,xgboost,AAPL
2025-12-24,-0.0014985243151119,-0.008337859,xgboost,AAPL
2025-12-26,0.0013159438507369,-0.010953137,xgboost,AAPL
2025-12-29,-0.0024871024374482,-0.010426691,xgboost,AAPL
2025-12-30,-0.00447756935383,-0.009324476,xgboost,AAPL
