date,actual_return,predicted_return,model,fold
2021-09-02,0.0042215302942015,0.0047383867,lstm,1
2021-09-03,0.0153705675502451,0.001888223,lstm,1
2021-09-07,-0.0101348001258216,0.0020226967,lstm,1
2021-09-08,-0.0067274544396827,-0.0023968183,lstm,1
2021-09-09,-0.0336621405461463,-0.0030327402,lstm,1
2021-09-10,0.0038858538964379,-0.00035720877,lstm,1
2021-09-13,-0.009608082402064,-0.0045158677,lstm,1
2021-09-14,0.0061248966895484,-0.0070222467,lstm,1
2021-09-15,-0.0016117490532148,-0.011302777,lstm,1
2021-09-16,-0.0185183912396252,-0.003524894,lstm,1
2021-09-17,-0.021592500605102,0.0057951156,lstm,1
2021-09-20,0.0034220813695887,0.0023408737,lstm,1
2021-09-21,0.0167316779202666,-0.0061491746,lstm,1
2021-09-22,0.0066967292837967,-0.008978294,lstm,1
2021-09-23,0.0006127410431074,-0.005505489,lstm,1
2021-09-24,-0.010606025639156,0.0011805408,lstm,1
2021-09-27,-0.0240891031970691,0.003348412,lstm,1
2021-09-28,0.0064620450420514,0.004185103,lstm,1
2021-09-29,-0.0093554076110632,0.002183387,lstm,1
2021-09-30,0.0080943177895658,-0.00034111738,lstm,1
2021-10-01,-0.0249134187639631,-0.007950444,lstm,1
2021-10-04,0.0140591162861342,-0.0035611,lstm,1
2021-10-05,0.0062873252062313,-0.007788157,lstm,1
2021-10-06,0.0090434442721503,-0.003014028,lstm,1
2021-10-07,-0.0027254596493859,-0.004583994,lstm,1
2021-10-08,-0.0006299838546685,0.004899144,lstm,1
2021-10-11,-0.0091447112232812,0.0017896891,lstm,1
2021-10-12,-0.0042489324500664,0.006462153,lstm,1
2021-10-13,0.020023789568637,0.0042675566,lstm,1
2021-10-14,0.0074844553489682,0.00518173,lstm,1
2021-10-15,0.0117370283672914,0.005348213,lstm,1
2021-10-18,0.0149675441496115,0.00269261,lstm,1
2021-10-19,0.0033554827700701,0.006605666,lstm,1
2021-10-20,0.0014728611345378,0.0047937036,lstm,1
2021-10-21,-0.0052989579065551,0.0027367398,lstm,1
2021-10-22,-0.0003363471692817,0.003163211,lstm,1
2021-10-25,0.004564432137581,0.0037359335,lstm,1
2021-10-26,-0.0031525746306128,0.0060296077,lstm,1
2021-10-27,0.0246844266644818,0.0049058273,lstm,1
2021-10-28,-0.0183224636754042,0.0068449667,lstm,1
2021-10-29,-0.0056232328549669,-0.0020452756,lstm,1
2021-11-01,0.0070907884203984,-0.0037214197,lstm,1
2021-11-02,0.0097510054103682,0.0037904587,lstm,1
2021-11-03,-0.0035047068963619,0.0011522081,lstm,1
2021-11-04,0.0021174707462662,0.0010933727,lstm,1
2021-11-05,-0.0055680664504642,0.0029236265,lstm,1
2021-11-08,0.0024564003533966,0.0037662424,lstm,1
2021-11-09,-0.0193491754837833,0.0046484284,lstm,1
2021-11-10,-0.0003380983357727,0.0053123254,lstm,1
2021-11-11,0.0142351854663885,0.00017449446,lstm,1
2021-11-12,6.663226545294235e-05,0.0033694617,lstm,1
2021-11-15,0.0066445427186685,-0.0033932514,lstm,1
2021-11-16,0.0163556172988084,-0.0024507288,lstm,1
2021-11-17,0.0281364245005775,0.0006240271,lstm,1
2021-11-18,0.0168335609293583,-0.00392526,lstm,1
2021-11-19,0.002923167861894,-0.0069337916,lstm,1
2021-11-22,0.0024191270678687,-0.013332356,lstm,1
2021-11-23,0.0032781768605293,-0.012766089,lstm,1
2021-11-24,-0.0321910455102207,-0.008369399,lstm,1
2021-11-26,0.0216378598146763,-0.0067079123,lstm,1
2021-11-29,0.0310892976504966,-0.0012965165,lstm,2
2021-11-30,-0.003211435289726,0.008125812,lstm,2
2021-12-01,-0.006148680190145,-0.0039787926,lstm,2
2021-12-02,-0.0117937375775141,-0.017494775,lstm,2
2021-12-03,0.021274863715286,-0.006020982,lstm,2
2021-12-06,0.034832557719999,-0.017556354,lstm,2
2021-12-07,0.0225274311142704,-0.012869909,lstm,2
2021-12-08,-0.0029745146823804,-0.013678059,lstm,2
2021-12-09,0.0276280924887399,-0.014896449,lstm,2
2021-12-10,-0.020890939262411,-0.03082512,lstm,2
2021-12-13,-0.0080555960665252,-0.016842436,lstm,2
2021-12-14,0.0281103323729811,-0.021330815,lstm,2
2021-12-15,-0.0400554661592568,-0.031983074,lstm,2
2021-12-16,-0.0065230000487095,-0.0067605786,lstm,2
2021-12-17,-0.0081551649847157,-0.009016305,lstm,2
2021-12-20,0.0189070546743089,-0.00017917901,lstm,2
2021-12-21,0.0152026211053877,-0.011619974,lstm,2
2021-12-22,0.0036371908304875,-0.013149131,lstm,2
2021-12-23,0.022714882824101,-0.018573295,lstm,2
2021-12-27,-0.0057839467127253,-0.011235472,lstm,2
2021-12-28,0.0005019187499866,-0.014844164,lstm,2
2021-12-29,-0.0065999899991082,-0.014886383,lstm,2
2021-12-30,-0.0035415592935637,-0.005578831,lstm,2
2021-12-31,0.0246966618240737,-0.009841185,lstm,2
2022-01-03,-0.0127728236347551,0.0017457996,lstm,2
2022-01-04,-0.0269600607302341,-0.008407019,lstm,2
2022-01-05,-0.0168342392633118,-0.014400121,lstm,2
2022-01-06,0.0009878733397725,-0.010265823,lstm,2
2022-01-07,0.0001161823234289,-0.009829093,lstm,2
2022-01-10,0.0166444903044287,-0.009359997,lstm,2
2022-01-11,0.0025669387327865,-0.011306919,lstm,2
2022-01-12,-0.0192114290372154,-0.0074403137,lstm,2
2022-01-13,0.0050976467796536,-0.010718819,lstm,2
2022-01-14,-0.0190748874064003,0.0019060485,lstm,2
2022-01-18,-0.0212489460046451,0.0042560697,lstm,2
2022-01-19,-0.0104010206049988,0.004541699,lstm,2
2022-01-20,-0.0128473005052063,0.004055187,lstm,2
2022-01-21,-0.004876154141441,0.0048141554,lstm,2
2022-01-24,-0.0114500091796198,0.0020997338,lstm,2
2022-01-25,-0.0005634102728104,-0.0034876764,lstm,2
2022-01-26,-0.0029475498139838,0.002254432,lstm,2
2022-01-27,0.0674508412953258,0.0019028056,lstm,2
2022-01-28,0.0257902905926435,0.002104761,lstm,2
2022-01-31,-0.0009731141856222,0.0007779896,lstm,2
2022-02-01,0.007019550799389,-0.0021614023,lstm,2
2022-02-02,-0.0168611124405364,0.0028862879,lstm,2
2022-02-03,-0.0029540090220422,-0.009701401,lstm,2
2022-02-04,-0.0042435507427814,-0.009056505,lstm,2
2022-02-07,0.018298286059323,0.0041667,lstm,2
2022-02-08,0.0082595493660884,-0.0058458,lstm,2
2022-02-09,-0.0238817534472438,-0.0042795353,lstm,2
2022-02-10,-0.0204256178680056,-0.0018758662,lstm,2
2022-02-11,0.001422170719236,0.007303754,lstm,2
2022-02-14,0.0228885130164067,-0.0035897568,lstm,2
2022-02-15,-0.0013898782391474,-0.011136349,lstm,2
2022-02-16,-0.0214986347772591,-0.0058243126,lstm,2
2022-02-17,-0.0093998062189679,-0.002880849,lstm,2
2022-02-18,-0.0179728354808623,0.003184393,lstm,2
2022-02-22,-0.0262045254381921,0.004977636,lstm,2
2022-02-23,0.0165426037077907,0.013543857,lstm,2
2022-02-24,0.0128821375196572,-0.013346475,lstm,3
2022-02-25,0.0016364461794988,-0.012027286,lstm,3
2022-02-28,-0.0116960288913908,-0.009007204,lstm,3
2022-03-01,0.0203791663783301,0.0006871447,lstm,3
2022-03-02,-0.0019832443635776,0.0033530518,lstm,3
2022-03-03,-0.0185797549640441,0.008725602,lstm,3
2022-03-04,-0.0240033548079161,0.0038422607,lstm,3
2022-03-07,-0.0117447872624595,0.012504887,lstm,3
2022-03-08,0.0343989377445423,0.0069047175,lstm,3
2022-03-09,-0.0275625912809625,-0.005543351,lstm,3
2022-03-10,-0.0241991603852047,0.008801106,lstm,3
2022-03-11,-0.0269215586341012,0.011645388,lstm,3
2022-03-14,0.0292454937034432,0.016105581,lstm,3
2022-03-15,0.0286024335055496,-0.017993191,lstm,3
2022-03-16,0.0064332928964272,-0.011099078,lstm,3
2022-03-17,0.020703146752726,-0.0041283555,lstm,3
2022-03-18,0.0085014427055639,0.003436301,lstm,3
2022-03-21,0.0205872161215274,-0.002364464,lstm,3
2022-03-22,0.0081999063241374,-0.0028866082,lstm,3
2022-03-23,0.0224245509764093,0.0026034713,lstm,3
2022-03-24,0.0037271403022643,-0.005122751,lstm,3
2022-03-25,0.005024016415912,-0.005990129,lstm,3
2022-03-28,0.0189536387388175,-0.014141291,lstm,3
2022-03-29,-0.0066717507296567,-0.006014634,lstm,3
2022-03-30,-0.0179356849386887,0.00030401722,lstm,3
2022-03-31,-0.0017196098088923,0.0041845255,lstm,3
2022-04-01,0.0234171147213519,0.0044007935,lstm,3
2022-04-04,-0.0191236655838283,-0.006523486,lstm,3
2022-04-05,-0.0186231317433276,0.003073454,lstm,3
2022-04-06,0.001802469060806,0.002025675,lstm,3
2022-04-07,-0.01198040848008,0.00058084726,lstm,3
2022-04-08,-0.0258470581296067,-0.0017538108,lstm,3
2022-04-11,0.0114575119862142,0.006613549,lstm,3
2022-04-12,0.0162104375242748,-0.0011576749,lstm,3
2022-04-13,-0.0304471122659135,-0.014506914,lstm,3
2022-04-14,-0.001331795580718,-0.012870897,lstm,3
2022-04-18,0.0140164508648781,-0.005166717,lstm,3
2022-04-19,-0.0010160367500883,0.001527641,lstm,3
2022-04-20,-0.0048553823749473,-0.0036945418,lstm,3
2022-04-21,-0.0282155459498448,4.6800822e-05,lstm,3
2022-04-22,0.006714606820305,0.00037426502,lstm,3
2022-04-25,-0.0380426359610836,0.00037441403,lstm,3
2022-04-26,-0.0014678862764217,0.012085263,lstm,3
2022-04-27,0.0441656482287278,0.014021825,lstm,3
2022-04-28,-0.0372915420558935,0.016417392,lstm,3
2022-04-29,0.0019645316465775,-0.0039610565,lstm,3
2022-05-02,0.0095766168011671,-0.0036217533,lstm,3
2022-05-03,0.0401897930382994,0.009337429,lstm,3
2022-05-04,-0.0573284984280139,-0.0115766935,lstm,3
2022-05-05,0.0032478583040279,-0.0012222975,lstm,3
2022-05-06,-0.0337524848927741,-0.0050509498,lstm,3
2022-05-09,0.0159836198654223,0.021414276,lstm,3
2022-05-10,-0.0532333551530453,-0.012936924,lstm,3
2022-05-11,-0.0272624818600876,0.022851598,lstm,3
2022-05-12,0.0314176638140328,0.042382363,lstm,3
2022-05-13,-0.010729693622863,-0.008808617,lstm,3
2022-05-16,0.0251048683723376,-0.013628319,lstm,3
2022-05-17,-0.0580732540583449,-0.014395963,lstm,3
2022-05-18,-0.024950074123233,0.006638337,lstm,3
2022-05-19,0.0017457648446596,-0.015582085,lstm,3
2022-05-20,0.0393353477640729,-0.005174231,lstm,4
2022-05-23,-0.0194030145242098,-0.022425976,lstm,4
2022-05-24,0.0011393027387857,-0.009454671,lstm,4
2022-05-25,0.022934487263377,-0.015923731,lstm,4
2022-05-26,0.0399480603354963,-0.011117233,lstm,4
2022-05-27,-0.0053605265270604,-0.0062381253,lstm,4
2022-05-31,-0.0008737330261121,0.002555035,lstm,4
2022-06-01,0.0166714976775505,0.004570741,lstm,4
2022-06-02,-0.0393186058824859,-0.002357563,lstm,4
2022-06-03,0.0052140245435485,-0.0013397001,lstm,4
2022-06-06,0.0174330836613867,-0.0027238633,lstm,4
2022-06-07,-0.0050561335074897,0.0062150955,lstm,4
2022-06-08,-0.0366180430645634,2.9655173e-05,lstm,4
2022-06-09,-0.0393945526569786,0.0008913111,lstm,4
2022-06-10,-0.0390369613907491,0.010952994,lstm,4
2022-06-13,0.0066504902469308,0.013819292,lstm,4
2022-06-14,0.0199119021109421,-0.0060642045,lstm,4
2022-06-15,-0.0404589839164437,-0.006665094,lstm,4
2022-06-16,0.011467139093875,-0.0027705058,lstm,4
2022-06-17,0.0322355075353501,-0.013463584,lstm,4
2022-06-21,-0.0038344491442217,0.0022089425,lstm,4
2022-06-22,0.0213442651453078,-0.0067776516,lstm,4
2022-06-23,0.0242215198769438,-0.01360418,lstm,4
2022-06-24,0.0,0.0010066703,lstm,4
2022-06-27,-0.0302423701774983,-0.004118828,lstm,4
2022-06-28,0.0129397352354623,0.0023939498,lstm,4
2022-06-29,-0.0181921634990153,0.0026290063,lstm,4
2022-06-30,0.0160351087061733,0.0071600936,lstm,4
2022-07-01,0.0187534817888224,-0.009586388,lstm,4
2022-07-05,0.0095613821126423,2.3543835e-05,lstm,4
2022-07-06,0.0237160344993545,0.0068378337,lstm,4
2022-07-07,0.0047035581044164,-6.469898e-05,lstm,4
2022-07-08,-0.0148678580984619,0.00056181103,lstm,4
2022-07-11,0.006810506891817,-0.0019111075,lstm,4
2022-07-12,-0.0025398682569932,-0.004301043,lstm,4
2022-07-13,0.020275532370192,-0.009967849,lstm,4
2022-07-14,0.0113850476451885,-0.010529989,lstm,4
2022-07-15,-0.0208592597858532,-0.0082095135,lstm,4
2022-07-18,0.0263711231018005,-0.004656147,lstm,4
2022-07-19,0.0134194444470566,-0.008548342,lstm,4
2022-07-20,0.0149813938658783,-0.0073760822,lstm,4
2022-07-21,-0.0081438516001392,-0.009462111,lstm,4
2022-07-22,-0.0074257728834576,-0.009991728,lstm,4
2022-07-25,-0.0088655371753347,-0.013689105,lstm,4
2022-07-26,0.0336617740826689,-0.0062814094,lstm,4
2022-07-27,0.0035653747482409,-0.017728198,lstm,4
2022-07-28,0.0322668422360726,-0.012628778,lstm,4
2022-07-29,-0.0061724782967827,-0.013406828,lstm,4
2022-08-01,-0.0093307472884744,-0.016322594,lstm,4
2022-08-02,0.0375343648392496,-0.013137563,lstm,4
2022-08-03,-0.0019281040007409,-0.02963558,lstm,4
2022-08-04,-0.0027780634486564,-0.016851813,lstm,4
2022-08-05,-0.0029072213835553,-0.016158812,lstm,4
2022-08-08,0.0003032417790651,-0.012816439,lstm,4
2022-08-09,0.0258573615736866,-0.010849704,lstm,4
2022-08-10,-0.0044414248570932,-0.007629156,lstm,4
2022-08-11,0.0211993052298215,-0.013754822,lstm,4
2022-08-12,0.0063135331552149,-0.011672323,lstm,4
2022-08-15,-0.0009242890239517,-0.01677851,lstm,4
2022-08-16,0.0087462682209258,-0.014532663,lstm,4
2022-08-17,-0.0022942892700717,0.0022956692,lstm,5
2022-08-18,-0.0152170589727063,0.001232123,lstm,5
2022-08-19,-0.0232986846707958,0.004064981,lstm,5
2022-08-22,-0.0020311332764255,0.00870659,lstm,5
2022-08-23,0.0017923475743469,0.010661963,lstm,5
2022-08-24,0.0148124524710886,0.009603748,lstm,5
2022-08-25,-0.0384282486468969,0.0022811592,lstm,5
2022-08-26,-0.0137847735661829,-0.011223741,lstm,5
2022-08-29,-0.0154238354072512,-0.0017551053,lstm,5
2022-08-30,-0.0106919211398139,0.0018313434,lstm,5
2022-08-31,0.0046957727921287,-0.005315274,lstm,5
2022-09-01,-0.0137045783618996,-0.008054076,lstm,5
2022-09-02,-0.0082490562139925,-0.007945148,lstm,5
2022-09-06,0.0092113628168976,-0.0021819603,lstm,5
2022-09-07,-0.0096644005552225,0.0011397768,lstm,5
2022-09-08,0.0186644829773569,-0.005280722,lstm,5
2022-09-09,0.0377850297041552,-0.0047555417,lstm,5
2022-09-12,-0.0604716418134726,-0.0047570467,lstm,5
2022-09-13,0.0095100263864896,-0.015223589,lstm,5
2022-09-14,-0.0191113624268481,-0.0089449175,lstm,5
2022-09-15,-0.0110206560536024,0.014646852,lstm,5
2022-09-16,0.0247735250813095,-0.017209012,lstm,5
2022-09-19,0.0155440103751033,-0.014936298,lstm,5
2022-09-20,-0.0204758472005877,0.0005689636,lstm,5
2022-09-21,-0.006395608213339,-0.010360286,lstm,5
2022-09-22,-0.015239354403206,0.00072657876,lstm,5
2022-09-23,0.0022577141072532,0.0060168393,lstm,5
2022-09-26,0.0065447643019353,0.0010499023,lstm,5
2022-09-27,-0.0127322557346678,-0.013525549,lstm,5
2022-09-28,-0.0503664247006857,-0.0036873333,lstm,5
2022-09-29,-0.0304997197436297,0.0055301376,lstm,5
2022-09-30,0.0302891502691704,0.03313627,lstm,5
2022-10-03,0.0253003210123848,0.023192864,lstm,5
2022-10-04,0.0020511993035892,-0.014439505,lstm,5
2022-10-05,-0.0066477390094148,-0.007674273,lstm,5
2022-10-06,-0.0374097737602118,0.002094958,lstm,5
2022-10-07,0.002352871482357,-0.0013090167,lstm,5
2022-10-10,-0.0103079114046316,0.0042771157,lstm,5
2022-10-11,-0.0046156104439942,0.0055849142,lstm,5
2022-10-12,0.0330603394605419,-0.010354865,lstm,5
2022-10-13,-0.0327711768049756,-0.0007185992,lstm,5
2022-10-14,0.0287066875903897,-0.00020328164,lstm,5
2022-10-17,0.0093654327308693,0.0048551466,lstm,5
2022-10-18,0.0007649290044276,0.0043848157,lstm,5
2022-10-19,-0.0032724222115235,-0.0057207607,lstm,5
2022-10-20,0.0266994792787809,0.003373012,lstm,5
2022-10-21,0.0146942025608765,-0.003329128,lstm,5
2022-10-24,0.019152972595567,-0.0029520076,lstm,5
2022-10-25,-0.0198222553762751,-0.00028902292,lstm,5
2022-10-26,-0.030939084502022,0.001257088,lstm,5
2022-10-27,0.0728344843929238,0.002941193,lstm,5
2022-10-28,-0.0155303311717507,-0.015134104,lstm,5
2022-10-31,-0.0176984291866961,-0.005232185,lstm,5
2022-11-01,-0.0380186159065104,-0.00046113692,lstm,5
2022-11-02,-0.0433303230847182,0.006404618,lstm,5
2022-11-03,-0.0036067267143389,0.009556007,lstm,5
2022-11-04,0.0038946553390313,0.017631123,lstm,5
2022-11-07,0.0041663865661884,-0.0023655016,lstm,5
2022-11-08,-0.0337532859364992,-0.012252968,lstm,5
2022-11-09,0.0852364931950366,-0.009894967,lstm,5
2022-11-10,0.0190854625198009,-0.018395713,lstm,6
2022-11-11,-0.0095309009896464,0.016980879,lstm,6
2022-11-14,0.0117995104163912,0.011878727,lstm,6
2022-11-15,-0.0083660097500062,-0.008747099,lstm,6
2022-11-16,0.0128879482107004,-0.010015063,lstm,6
2022-11-17,0.0037746614520765,-0.01671709,lstm,6
2022-11-18,-0.0219186784436433,-0.0016275663,lstm,6
2022-11-21,0.0145547239665041,0.0036665052,lstm,6
2022-11-22,0.0059088281357819,0.00026680343,lstm,6
2022-11-23,-0.0197881089781016,0.0017995797,lstm,6
2022-11-25,-0.0266153251070282,0.0072327154,lstm,6
2022-11-28,-0.021375095027244,0.001347974,lstm,6
2022-11-29,0.0474501227535351,-0.004488962,lstm,6
2022-11-30,0.0018897136132848,-0.024187183,lstm,6
2022-12-01,-0.0033770125855744,-0.0085504595,lstm,6
2022-12-02,-0.0080152084175727,0.011785058,lstm,6
2022-12-05,-0.0256973531702283,0.011041732,lstm,6
2022-12-06,-0.0138808018978019,0.0052047763,lstm,6
2022-12-07,0.0120597496516727,0.012357622,lstm,6
2022-12-08,-0.0034408252659857,0.00417188,lstm,6
2022-12-09,0.0162571294162539,-0.007882312,lstm,6
2022-12-12,0.0067595491536866,-0.008568978,lstm,6
2022-12-13,-0.0156577568049292,-0.0033777785,lstm,6
2022-12-14,-0.0479875167468691,0.010114167,lstm,6
2022-12-15,-0.0146861097428572,0.015031114,lstm,6
2022-12-16,-0.016037510044085,0.022501633,lstm,6
2022-12-19,-0.0005289006502098,0.021715872,lstm,6
2022-12-20,0.0235304518127299,0.006222723,lstm,6
2022-12-21,-0.0240597477426903,-0.00879995,lstm,6
2022-12-22,-0.0028020399439634,0.01974925,lstm,6
2022-12-23,-0.0139755746385674,0.018553859,lstm,6
2022-12-27,-0.0311658595225129,0.0194832,lstm,6
2022-12-28,0.0279306219915652,0.017592838,lstm,6
2022-12-29,0.0024658413797227,0.001811374,lstm,6
2022-12-30,-0.0381222094033704,-0.010155724,lstm,6
2023-01-03,0.0102614026433682,0.00085286424,lstm,6
2023-01-04,-0.0106612831116503,0.01064305,lstm,6
2023-01-05,0.0361333576768668,0.018336305,lstm,6
2023-01-06,0.0040805292152036,0.007012763,lstm,6
2023-01-09,0.0044465103476397,0.005606357,lstm,6
2023-01-10,0.0208925149258153,0.0100536775,lstm,6
2023-01-11,-0.0005994891772679,0.008440999,lstm,6
2023-01-12,0.0100682571350294,0.007855877,lstm,6
2023-01-13,0.0087182521021514,0.013412814,lstm,6
2023-01-17,-0.0053844548521581,0.010996151,lstm,6
2023-01-18,0.0004436376600177,0.00554437,lstm,6
2023-01-19,0.0190383640816834,0.008976995,lstm,6
2023-01-20,0.0232285556275546,0.006118007,lstm,6
2023-01-23,0.0100127629073755,0.0048647122,lstm,6
2023-01-24,-0.0047118352259719,0.00029751658,lstm,6
2023-01-25,0.0146948697714283,0.0008799508,lstm,6
2023-01-26,0.0135914746418463,0.0046697883,lstm,6
2023-01-27,-0.0202823742298003,-0.00043461844,lstm,6
2023-01-30,0.0089804865188852,0.0021103527,lstm,6
2023-01-31,0.0078697040483223,0.003872633,lstm,6
2023-02-01,0.036392300510034,-3.7647784e-05,lstm,6
2023-02-02,0.0241069750006511,0.0005048476,lstm,6
2023-02-03,-0.0180914989589644,-0.010499962,lstm,6
2023-02-06,0.0190618622856037,0.001215389,lstm,6
2023-02-07,-0.0178104052131651,-0.002186235,lstm,6
2023-02-08,-0.0069355479636618,0.0047788937,lstm,7
2023-02-09,0.0009275169239235,0.0077210153,lstm,7
2023-02-10,0.0186321180283736,0.0074160947,lstm,7
2023-02-13,-0.0042339040535092,0.0029675942,lstm,7
2023-02-14,0.0138076604015738,-0.00011235103,lstm,7
2023-02-15,-0.0104841438723421,0.0030181194,lstm,7
2023-02-16,-0.0075753227479862,0.001823186,lstm,7
2023-02-17,-0.0270421909044121,0.0006117793,lstm,7
2023-02-21,0.0028918809316494,-0.00075763464,lstm,7
2023-02-22,0.0032851106503145,0.0011458918,lstm,7
2023-02-23,-0.0181693369307999,-0.0060336962,lstm,7
2023-02-24,0.0082136797857891,-0.0008398071,lstm,7
2023-02-27,-0.0034537297979819,0.0018024882,lstm,7
2023-02-28,-0.014348470370965,8.398574e-05,lstm,7
2023-03-01,0.0041206438431033,-0.0033054296,lstm,7
2023-03-02,0.0344884661213861,7.912237e-05,lstm,7
2023-03-03,0.0183696239750355,-0.0039253216,lstm,7
2023-03-06,-0.0146025950018373,-0.0034425464,lstm,7
2023-03-07,0.0083423416030681,-0.0017776862,lstm,7
2023-03-08,-0.0150269672916779,0.0004633544,lstm,7
2023-03-09,-0.0139759295375634,-0.0012688376,lstm,7
2023-03-10,0.0131787786406336,0.0009919396,lstm,7
2023-03-13,0.0139908250205877,0.004171296,lstm,7
2023-03-14,0.0026180337806909,-0.0064728484,lstm,7
2023-03-15,0.0185214496914352,-0.0118491575,lstm,7
2023-03-16,-0.0054689284568553,-0.007723376,lstm,7
2023-03-17,0.0153651802869548,-0.005562894,lstm,7
2023-03-20,0.0118733548858573,-0.0031018425,lstm,7
2023-03-21,-0.0091451360797971,-0.00784521,lstm,7
2023-03-22,0.0069452916119076,-0.005688712,lstm,7
2023-03-23,0.0082712881766099,-0.006857319,lstm,7
2023-03-24,-0.0123694869958576,-0.002473101,lstm,7
2023-03-27,-0.0039882615294608,0.0011306545,lstm,7
2023-03-28,0.0195974514743959,0.002283291,lstm,7
2023-03-29,0.0098412969800883,-0.00014368072,lstm,7
2023-03-30,0.0155230968221709,-0.0008511208,lstm,7
2023-03-31,0.0076721571418405,-0.005524896,lstm,7
2023-04-03,-0.0032549352496523,-0.0024993196,lstm,7
2023-04-04,-0.0113545066352627,-0.0022738464,lstm,7
2023-04-05,0.0054808563016689,-0.0041872207,lstm,7
2023-04-06,-0.0161012683716106,0.0003784448,lstm,7
2023-04-10,-0.0076201200156408,0.0021827985,lstm,7
2023-04-11,-0.0043627175976451,-0.0007353565,lstm,7
2023-04-12,0.0335349940083643,-0.00037728436,lstm,7
2023-04-13,-0.0021162195532967,0.0022325767,lstm,7
2023-04-14,0.0001209842243587,-0.0046485923,lstm,7
2023-04-17,0.0074767035335506,-0.003121689,lstm,7
2023-04-18,0.0069440784329072,-0.0050861184,lstm,7
2023-04-19,-0.0058634306427064,-0.0057854764,lstm,7
2023-04-20,-0.0098290635622305,-0.0044632796,lstm,7
2023-04-21,0.0018767830716432,-0.0013433322,lstm,7
2023-04-24,-0.0094804570884507,-0.0028239246,lstm,7
2023-04-25,-6.11227409118481e-05,-0.003999505,lstm,7
2023-04-26,0.0279995964041222,-0.0040599015,lstm,7
2023-04-27,0.0075127628783707,-0.0016783513,lstm,7
2023-04-28,-0.0005305293301251,-0.008417461,lstm,7
2023-05-01,-0.0062106672526557,-0.009489903,lstm,7
2023-05-02,-0.0064882894934303,-0.008152295,lstm,7
2023-05-03,-0.0099628942601636,-0.007740194,lstm,7
2023-05-04,0.0458591316751219,-0.0030947197,lstm,7
2023-05-05,-0.0004034190433678,0.0018239319,lstm,8
2023-05-08,-0.0100212018648303,-0.008450858,lstm,8
2023-05-09,0.0103669493414251,-0.009202417,lstm,8
2023-05-10,0.0010941375813929,-0.003445927,lstm,8
2023-05-11,-0.0068144907433985,-0.0020054579,lstm,8
2023-05-12,-0.0029015803710935,-0.004038576,lstm,8
2023-05-15,0.0,-0.006893847,lstm,8
2023-05-16,0.003596680403677,-0.0059511065,lstm,8
2023-05-17,0.013573571100223,-0.0035195127,lstm,8
2023-05-18,0.0006281980061119,-0.0043559857,lstm,8
2023-05-19,-0.0054958159407207,-0.0062158257,lstm,8
2023-05-22,-0.0152710014816473,-0.008484017,lstm,8
2023-05-23,0.0016307445912884,-0.0056675673,lstm,8
2023-05-24,0.0066700311037727,-0.0031728372,lstm,8
2023-05-25,0.0140062400778853,-0.0030127391,lstm,8
2023-05-26,0.0106031691015581,-0.0067039914,lstm,8
2023-05-30,-0.0002820648803211,-0.008076064,lstm,8
2023-05-31,0.0158955401847396,-0.0026963241,lstm,8
2023-06-01,0.0047640275475754,-0.005372986,lstm,8
2023-06-02,-0.007599931855572,-0.006896559,lstm,8
2023-06-05,-0.0020624612699972,-0.007351879,lstm,8
2023-06-06,-0.0077864961370425,-0.008277688,lstm,8
2023-06-07,0.015346710907507,-0.005228579,lstm,8
2023-06-08,0.0021574946797505,-0.0036582872,lstm,8
2023-06-09,0.0155177154780836,-0.0044322796,lstm,8
2023-06-12,-0.0026150695344649,-0.0048208125,lstm,8
2023-06-13,0.0034852695478181,-0.005865354,lstm,8
2023-06-14,0.0111364412166722,-0.0060253143,lstm,8
2023-06-15,-0.0058771169591571,-0.0032707453,lstm,8
2023-06-16,0.0004865587621872,-0.000678394,lstm,8
2023-06-20,-0.0056914688122722,-0.004911281,lstm,8
2023-06-21,0.0163902376865215,-0.0046652853,lstm,8
2023-06-22,-0.0017127350070563,-0.004476633,lstm,8
2023-06-23,-0.0075816382248821,-0.0029968806,lstm,8
2023-06-26,0.0149468042442219,-0.005145628,lstm,8
2023-06-27,0.006307844450688,-0.0030414164,lstm,8
2023-06-28,0.0017949341804471,-0.004920259,lstm,8
2023-06-29,0.0228396877254524,-0.0051003434,lstm,8
2023-06-30,-0.0078151394107226,-0.00065116957,lstm,8
2023-07-03,-0.0058886793456847,-0.00796048,lstm,8
2023-07-05,0.0025055905382928,-0.0043366477,lstm,8
2023-07-06,-0.0059086940797674,-0.0019702204,lstm,8
2023-07-07,-0.010915197626445,0.00045499578,lstm,8
2023-07-10,-0.0028139803318066,0.003108751,lstm,8
2023-07-11,0.0089454211124533,-0.0006342195,lstm,8
2023-07-12,0.0040492759628568,0.000609003,lstm,8
2023-07-13,0.0007869746069128,-0.003855493,lstm,8
2023-07-14,0.0171575540102057,-0.004784066,lstm,8
2023-07-17,-0.0013412246145863,-0.0033734627,lstm,8
2023-07-18,0.0070468638679356,-0.0055030696,lstm,8
2023-07-19,-0.0101487163460772,-0.00086313486,lstm,8
2023-07-20,-0.0061807266579106,-0.0022923835,lstm,8
2023-07-21,0.0042111765343248,0.0019920059,lstm,8
2023-07-24,0.0045034376299525,0.001368925,lstm,8
2023-07-25,0.0045347129851094,-0.0013915151,lstm,8
2023-07-26,-0.0066027206514523,-0.0010409653,lstm,8
2023-07-27,0.0134175028719219,-0.004693471,lstm,8
2023-07-28,0.0031609851909711,-0.0033473857,lstm,8
2023-07-31,-0.0042850463114262,-0.0040917844,lstm,8
2023-08-01,-0.0156112228383565,-0.0061871335,lstm,8
2023-08-02,-0.0073485863573807,0.006037496,lstm,9
2023-08-03,-0.0492113042665844,0.011075668,lstm,9
2023-08-04,-0.0174042708647174,0.021478653,lstm,9
2023-08-07,0.0052976391791123,0.032345966,lstm,9
2023-08-08,-0.0089947285701249,0.028598957,lstm,9
2023-08-09,-0.0012354068195308,0.021523982,lstm,9
2023-08-10,-0.0010119628553601,0.025475614,lstm,9
2023-08-11,0.0093493385158347,0.03368122,lstm,9
2023-08-14,-0.0112635173867485,0.028219871,lstm,9
2023-08-15,-0.0049714220994142,0.024468906,lstm,9
2023-08-16,-0.0146621405807158,0.025771305,lstm,9
2023-08-17,0.0028121656768634,0.029634245,lstm,9
2023-08-18,0.0077070049375459,0.021773942,lstm,9
2023-08-21,0.0078738301312375,0.017993867,lstm,9
2023-08-22,0.0217114680956505,0.017689563,lstm,9
2023-08-23,-0.0265189819123104,0.012303203,lstm,9
2023-08-24,0.0125638751901067,0.015783764,lstm,9
2023-08-25,0.0088072019541662,0.014249124,lstm,9
2023-08-28,0.0215758291415222,0.017246075,lstm,9
2023-08-29,0.0189908006256555,0.00730592,lstm,9
2023-08-30,0.0011717152338612,0.0071501136,lstm,9
2023-08-31,0.0084277475954179,0.007871732,lstm,9
2023-09-01,0.001265904969438,0.011056781,lstm,9
2023-09-05,-0.036449612244477,0.014604136,lstm,9
2023-09-06,-0.0296856823931263,0.020245552,lstm,9
2023-09-07,0.0034856679706873,0.037216157,lstm,9
2023-09-08,0.006600728540023,0.027658977,lstm,9
2023-09-11,-0.0172078560129394,0.009784594,lstm,9
2023-09-12,-0.0119256001228531,0.0072815567,lstm,9
2023-09-13,0.0087441547340331,0.02142568,lstm,9
2023-09-14,-0.0041625775646815,0.029438287,lstm,9
2023-09-15,0.0167719198605828,0.022182867,lstm,9
2023-09-18,0.0061618281291625,0.020672902,lstm,9
2023-09-19,-0.020194739222717,0.015396364,lstm,9
2023-09-20,-0.0089292152174695,0.010487951,lstm,9
2023-09-21,0.0049323376260368,0.013228521,lstm,9
2023-09-22,0.0073532326812533,0.01712478,lstm,9
2023-09-25,-0.0236765169459277,0.013526365,lstm,9
2023-09-26,-0.0089373184090654,0.012485564,lstm,9
2023-09-27,0.0015244478171947,0.018681377,lstm,9
2023-09-28,0.0030418523515483,0.023035832,lstm,9
2023-09-29,0.0147265720139523,0.014522962,lstm,9
2023-10-02,-0.0078001616185322,0.011228479,lstm,9
2023-10-03,0.0072820628939414,0.010428384,lstm,9
2023-10-04,0.007172191135768,0.0071715266,lstm,9
2023-10-05,0.014642723393323,0.009421878,lstm,9
2023-10-06,0.0084156687987885,0.010237135,lstm,9
2023-10-09,-0.0033578077064587,0.01277183,lstm,9
2023-10-10,0.0078729776688575,0.010031946,lstm,9
2023-10-11,0.0050484345521984,0.012776196,lstm,9
2023-10-12,-0.0103460737313108,0.01489982,lstm,9
2023-10-13,-0.0007271576803311,0.015005603,lstm,9
2023-10-16,-0.0088235452936057,0.018617317,lstm,9
2023-10-17,-0.0074223270286012,0.01998292,lstm,9
2023-10-18,-0.0021633348643265,0.020702675,lstm,9
2023-10-19,-0.0148133945220407,0.019717008,lstm,9
2023-10-20,0.0006938540552079,0.018094927,lstm,9
2023-10-23,0.002540137829876,0.020893998,lstm,9
2023-10-24,-0.0135835157572949,0.016168311,lstm,9
2023-10-25,-0.0249133074722571,0.015766047,lstm,9
2023-10-26,0.0079377446927756,-0.005905498,lstm,10
2023-10-27,0.0122301728215536,-0.00059290975,lstm,10
2023-10-30,0.0028148203055176,-0.002301667,lstm,10
2023-10-31,0.0185652306552537,-0.003689278,lstm,10
2023-11-01,0.0204820610444763,-0.0009771511,lstm,10
2023-11-02,-0.0051945993639879,0.0034069903,lstm,10
2023-11-03,0.0144995341519461,0.0014107376,lstm,10
2023-11-06,0.0143473535708731,0.0068219863,lstm,10
2023-11-07,0.0058676489027123,0.00494691,lstm,10
2023-11-08,-0.0026279551041478,0.0030027404,lstm,10
2023-11-09,0.0216379487322317,-0.00019970909,lstm,10
2023-11-10,-0.0086206937858833,0.0010159388,lstm,10
2023-11-13,0.0141846315031169,-0.001192078,lstm,10
2023-11-14,0.0030363164627485,-0.0038979352,lstm,10
2023-11-15,0.0090015020673229,-0.004023269,lstm,10
2023-11-16,-0.0001054521454758,-0.0054248795,lstm,10
2023-11-17,0.009235488373932,-0.007117968,lstm,10
2023-11-20,-0.004239832394175,-0.0058392957,lstm,10
2023-11-21,0.0035083066448759,-0.0061354153,lstm,10
2023-11-22,-0.0070289648510446,-0.006315574,lstm,10
2023-11-24,-0.00094800900914,-0.006417241,lstm,10
2023-11-27,0.0032089279273993,-0.0029488057,lstm,10
2023-11-28,-0.0054243428106808,-0.0045526624,lstm,10
2023-11-29,0.003058116077219,-0.0053901,lstm,10
2023-11-30,0.0067683489143075,-0.004646063,lstm,10
2023-12-01,-0.0095096880061573,-0.0048277564,lstm,10
2023-12-04,0.0208444563464148,-0.006664142,lstm,10
2023-12-05,-0.005703291391746,-0.002646573,lstm,10
2023-12-06,0.0100882766127333,-0.006040521,lstm,10
2023-12-07,0.0073850399789838,-0.0013756528,lstm,10
2023-12-08,-0.0130116471848699,-0.0015912242,lstm,10
2023-12-11,0.0078889477717078,-0.0020244569,lstm,10
2023-12-12,0.0165537173900591,0.0009354688,lstm,10
2023-12-13,0.0007574110681509,0.000119522214,lstm,10
2023-12-14,-0.0027294460702817,-0.002755139,lstm,10
2023-12-15,-0.0085397149173038,0.00044282153,lstm,10
2023-12-18,0.0053458521368348,-0.0024958774,lstm,10
2023-12-19,-0.0107717333603435,0.0027191043,lstm,10
2023-12-20,-0.0007702455125948,-0.0021812283,lstm,10
2023-12-21,-0.0055629409745186,-0.0037803538,lstm,10
2023-12-22,-0.0028449678505331,-0.0048910826,lstm,10
2023-12-26,0.0005178189940495,-0.006546598,lstm,10
2023-12-27,0.0022238156674305,-0.005049046,lstm,10
2023-12-28,-0.0054388937789295,-0.0044770576,lstm,10
2023-12-29,-0.0364426683157658,-0.007217601,lstm,10
2024-01-02,-0.0075157800157055,-0.012323391,lstm,10
2024-01-03,-0.0127814516638865,-0.005037781,lstm,10
2024-01-04,-0.0040211075895136,-0.0020757392,lstm,10
2024-01-05,0.0238872949105328,-0.0018059202,lstm,10
2024-01-08,-0.0022659743842161,-0.0032735802,lstm,10
2024-01-09,0.005655378478044,-0.0048114955,lstm,10
2024-01-10,-0.0032277509624491,-0.0011538193,lstm,10
2024-01-11,0.001776543956973,-0.0007310957,lstm,10
2024-01-12,-0.0123935736933481,0.0014463775,lstm,10
2024-01-16,-0.0051869418979463,-0.001142107,lstm,10
2024-01-17,0.0320515020196593,-0.00061831996,lstm,10
2024-01-18,0.0154136124862484,0.0027810335,lstm,10
2024-01-19,0.012089922065443,0.0023767352,lstm,10
2024-01-22,0.0066311873928703,0.0057829656,lstm,10
2024-01-23,-0.0034900091293561,0.0049838834,lstm,10
2024-01-24,-0.0016981084823013,-0.007982444,lstm,11
2024-01-25,-0.0090535811590081,-0.005405031,lstm,11
2024-01-26,-0.0035923633706289,-0.004508972,lstm,11
2024-01-29,-0.0194334395950962,-0.003551282,lstm,11
2024-01-30,-0.0195473924282988,-0.0042685233,lstm,11
2024-01-31,0.0132523986079996,-0.0015039928,lstm,11
2024-02-01,-0.0054197470468218,0.00019199401,lstm,11
2024-02-02,0.0097984162957831,-0.006649252,lstm,11
2024-02-05,0.0085947284564258,-0.00439661,lstm,11
2024-02-06,0.0005809226663932,-0.007437367,lstm,11
2024-02-07,-0.0057713145985712,-0.011505123,lstm,11
2024-02-08,0.0028103990734727,-0.011380512,lstm,11
2024-02-09,-0.0090426797403721,-0.010986257,lstm,11
2024-02-12,-0.0113384200976226,-0.00764532,lstm,11
2024-02-13,-0.004821371893041,-0.0052894764,lstm,11
2024-02-14,-0.0015760079915504,-0.0022904314,lstm,11
2024-02-15,-0.0084660803313998,-0.00065468997,lstm,11
2024-02-16,-0.0041223572824271,-0.0003119558,lstm,11
2024-02-20,0.00417726096832,-0.00077893585,lstm,11
2024-02-21,0.0111811564887745,-0.0014493242,lstm,11
2024-02-22,-0.0100848021311491,-0.005257521,lstm,11
2024-02-23,-0.0074791405645892,-0.0057963245,lstm,11
2024-02-26,0.0080816360372504,-0.004855845,lstm,11
2024-02-27,-0.0066474998461482,-0.004449401,lstm,11
2024-02-28,-0.0036999140550196,-0.00089340657,lstm,11
2024-02-29,-0.0060486648542593,0.0025846586,lstm,11
2024-03-01,-0.0257089220354954,0.0046080016,lstm,11
2024-03-04,-0.0288532324658529,0.008542769,lstm,11
2024-03-05,-0.00589554843322,0.016484343,lstm,11
2024-03-06,-0.0007097783269727,0.021202981,lstm,11
2024-03-07,0.0101846213354042,0.016879678,lstm,11
2024-03-08,0.0117621263893017,0.007626809,lstm,11
2024-03-11,0.0027747039795536,0.0043534786,lstm,11
2024-03-12,-0.0121966365052053,0.0015171468,lstm,11
2024-03-13,0.0108680643756515,0.0011717863,lstm,11
2024-03-14,-0.0021989759927496,0.0014208518,lstm,11
2024-03-15,0.0063521961884346,0.0075642765,lstm,11
2024-03-18,0.0134936329237352,0.009270437,lstm,11
2024-03-19,0.0146020710796273,0.009448245,lstm,11
2024-03-20,-0.0417155855168771,0.008076146,lstm,11
2024-03-21,0.0052961199203837,0.0032824688,lstm,11
2024-03-22,-0.008335038814622,0.0067773797,lstm,11
2024-03-25,-0.0066948767017154,0.008856341,lstm,11
2024-03-26,0.0209907467903555,0.0022408739,lstm,11
2024-03-27,-0.0106152675597895,-0.0029023103,lstm,11
2024-03-28,-0.008491731924507,-0.004777059,lstm,11
2024-04-01,-0.0070233856655779,-0.004924532,lstm,11
2024-04-02,0.0047859560286581,-0.0034814999,lstm,11
2024-04-03,-0.0049043533127807,-0.0037734956,lstm,11
2024-04-04,0.0044917007330891,-0.004560206,lstm,11
2024-04-05,-0.0066858509375796,-0.0045785457,lstm,11
2024-04-08,0.0072164115271257,-0.0018665008,lstm,11
2024-04-09,-0.0112017731204583,-0.001069814,lstm,11
2024-04-10,0.0423608907348964,0.0010382086,lstm,11
2024-04-11,0.0085896587824836,0.0018585995,lstm,11
2024-04-12,-0.0221060459258245,0.00344038,lstm,11
2024-04-15,-0.0193533534130716,0.0007641576,lstm,11
2024-04-16,-0.0081807609177558,-0.0019434057,lstm,11
2024-04-17,-0.0057307149021562,0.00072016194,lstm,11
2024-04-18,-0.012287790600522,0.0037870333,lstm,11
2024-04-19,0.0050779721447594,-0.0069093015,lstm,12
2024-04-22,0.0063713480525528,-0.0038252398,lstm,12
2024-04-23,0.0126222822962855,-0.00106447,lstm,12
2024-04-24,0.005134088807017,0.0002238527,lstm,12
2024-04-25,-0.0034788580363657,0.002597861,lstm,12
2024-04-26,0.0245052922220842,4.2548403e-05,lstm,12
2024-04-29,-0.0184398567643858,-0.0014582202,lstm,12
2024-04-30,-0.0060654354576983,-0.0041651092,lstm,12
2024-05-01,0.0217926756488632,-0.0027039424,lstm,12
2024-05-02,0.0580955464348065,0.0019744039,lstm,12
2024-05-03,-0.0091484826392808,0.0070676766,lstm,12
2024-05-06,0.0037899975687553,0.0027251337,lstm,12
2024-05-07,0.0018623634524984,-0.0071696267,lstm,12
2024-05-08,0.0099644273713336,-0.003247004,lstm,12
2024-05-09,-0.0082694787638438,-0.006081002,lstm,12
2024-05-10,0.017491555323159,0.0002466701,lstm,12
2024-05-13,0.0061544917326828,-0.0010472685,lstm,12
2024-05-14,0.012143904149812,-0.00494989,lstm,12
2024-05-15,0.0006322853933872,-0.00075732544,lstm,12
2024-05-16,0.0001580089017109,0.00075073354,lstm,12
2024-05-17,0.0061431933217449,-0.0005860552,lstm,12
2024-05-20,0.0068338658691442,-0.0053205527,lstm,12
2024-05-21,-0.0075669621702208,-0.0028785318,lstm,12
2024-05-22,-0.0212829729914576,-0.0023213457,lstm,12
2024-05-23,0.0164520552051067,-0.0009460859,lstm,12
2024-05-24,5.268713632773409e-05,-0.0011889543,lstm,12
2024-05-28,0.0015777209222636,0.0008456111,lstm,12
2024-05-29,0.0052413770350908,0.0020067357,lstm,12
2024-05-30,0.0050060423190389,-0.0010271464,lstm,12
2024-05-31,0.0092161716061164,-0.001105614,lstm,12
2024-06-03,0.0016479087111243,-0.0036479514,lstm,12
2024-06-04,0.0077904602348142,-0.0050508566,lstm,12
2024-06-05,-0.00712184089858,-0.0039381627,lstm,12
2024-06-06,0.0123158860145504,-0.005907625,lstm,12
2024-06-07,-0.0193334619883839,-0.0009804126,lstm,12
2024-06-10,0.0701314069937836,-0.0076965243,lstm,12
2024-06-11,0.0281776455328023,0.0023393072,lstm,12
2024-06-12,0.0054761229911165,-0.020435825,lstm,12
2024-06-13,-0.0082019532980566,-0.001094494,lstm,12
2024-06-14,0.019480495982683,-0.0102300495,lstm,12
2024-06-17,-0.0110452437634873,-0.015814204,lstm,12
2024-06-18,-0.0217476824195458,-0.0024378933,lstm,12
2024-06-20,-0.0104993518719755,0.002876712,lstm,12
2024-06-21,0.0031277550645894,0.017385338,lstm,12
2024-06-24,0.0044582318736075,-0.00030426309,lstm,12
2024-06-25,0.0197960272208764,-0.0061633512,lstm,12
2024-06-26,0.0039780377316278,-0.002288321,lstm,12
2024-06-27,-0.0163876853340082,-0.008026248,lstm,12
2024-06-28,0.0286890768912434,-0.016901135,lstm,12
2024-07-01,0.0161094703318867,-0.014095359,lstm,12
2024-07-02,0.0057942254275385,-0.012452494,lstm,12
2024-07-03,0.0213899659380362,-0.0051731896,lstm,12
2024-07-05,0.0065175982627998,-0.006631717,lstm,12
2024-07-08,0.0037677387466135,-0.010452386,lstm,12
2024-07-09,0.0186289802657879,-0.0060988534,lstm,12
2024-07-10,-0.0234946790777223,-0.0069268104,lstm,12
2024-07-11,0.0129664384949213,-0.012804449,lstm,12
2024-07-12,0.0166046776134547,-0.01155176,lstm,12
2024-07-15,0.0017902627288762,-0.016503058,lstm,12
2024-07-16,-0.0256214243174853,-0.00856195,lstm,12
2024-07-17,-0.0207486021535618,0.00022298377,lstm,13
2024-07-18,0.0005797448740639,0.00075374637,lstm,13
2024-07-19,-0.0015615183371945,0.006828799,lstm,13
2024-07-22,0.0046773267895952,0.004925968,lstm,13
2024-07-23,-0.0291757878271199,0.002731991,lstm,13
2024-07-24,-0.0048161357037848,-0.002349901,lstm,13
2024-07-25,0.0021586928007478,0.0005906271,lstm,13
2024-07-26,0.0012838093072819,-0.0019887062,lstm,13
2024-07-29,0.0025626846701438,-0.0020860843,lstm,13
2024-07-30,0.0148796010679316,-0.0063710464,lstm,13
2024-07-31,-0.0168926058547435,-0.009968995,lstm,13
2024-08-01,0.0068459032180908,-0.011776713,lstm,13
2024-08-02,-0.0493656782582097,-0.008337288,lstm,13
2024-08-05,-0.0097960377362041,0.0014723428,lstm,13
2024-08-06,0.0124207882780956,0.016549826,lstm,13
2024-08-07,0.0164964400478909,0.0043799514,lstm,13
2024-08-08,0.0136424321128991,0.0006145099,lstm,13
2024-08-09,0.0059478390686753,-0.004741839,lstm,13
2024-08-12,0.017046928151695,-0.008762329,lstm,13
2024-08-13,0.0020316354655588,-0.010998885,lstm,13
2024-08-14,0.0134398581708848,-0.008566356,lstm,13
2024-08-15,0.005901039012885,-0.007267776,lstm,13
2024-08-16,-0.0007080748237823,-0.0032439576,lstm,13
2024-08-19,0.0027409173903692,-0.004352986,lstm,13
2024-08-20,-0.0004857504375308,-0.000605667,lstm,13
2024-08-21,-0.0082939962626307,-0.0033277487,lstm,13
2024-08-22,0.0102355838944022,-0.006284968,lstm,13
2024-08-23,0.0014977155617508,-0.004970814,lstm,13
2024-08-26,0.0037345713292433,-0.0069425786,lstm,13
2024-08-27,-0.0067763758012827,-0.0066230493,lstm,13
2024-08-28,0.0144650010579217,-0.0073984032,lstm,13
2024-08-29,-0.0034438155952011,-0.00316058,lstm,13
2024-08-30,-0.0275821352986589,-0.002362933,lstm,13
2024-09-03,-0.0086561025765702,-0.006894243,lstm,13
2024-09-04,0.0069038865531591,-0.0013287691,lstm,13
2024-09-05,-0.0070397290529031,-0.00035488233,lstm,13
2024-09-06,0.0004074721522082,-0.0018908419,lstm,13
2024-09-09,-0.0036279711645232,-2.4638139e-05,lstm,13
2024-09-10,0.0115185365807008,-0.0016731629,lstm,13
2024-09-11,0.0004939075079283,-0.0021090433,lstm,13
2024-09-12,-0.0012127666492858,-0.0039627654,lstm,13
2024-09-13,-0.0281682748934364,-0.004988066,lstm,13
2024-09-16,0.0021702853581153,-0.009971312,lstm,13
2024-09-17,0.0178299008516995,-0.0054752333,lstm,13
2024-09-18,0.0363951225131375,-0.0065155355,lstm,13
2024-09-19,-0.0029317113810075,0.00016594771,lstm,13
2024-09-20,-0.0076099328450285,0.0015235078,lstm,13
2024-09-23,0.0039661338070886,-0.008367798,lstm,13
2024-09-24,-0.0044078178718805,-0.011489979,lstm,13
2024-09-25,0.00506735824829,-0.009964216,lstm,13
2024-09-26,0.0011859570260456,-0.007137281,lstm,13
2024-09-27,0.0226143311463818,-0.011187729,lstm,13
2024-09-30,-0.0295746525161584,-0.009404589,lstm,13
2024-10-01,0.002516578111388,-0.012572483,lstm,13
2024-10-02,-0.0049066320909708,-0.007598168,lstm,13
2024-10-03,0.0049948382393597,-0.0038498798,lstm,13
2024-10-04,-0.0227885646907539,-0.008533274,lstm,13
2024-10-07,0.018236780255269,-0.010879121,lstm,13
2024-10-08,0.0165604761294622,-0.008156306,lstm,13
2024-10-09,-0.0021806455265144,-0.0069203665,lstm,13
2024-10-10,-0.0065266236027587,0.00029615313,lstm,14
2024-10-11,0.0163455745573077,8.7209046e-05,lstm,14
2024-10-14,0.0109643278406946,0.0009853542,lstm,14
2024-10-15,-0.0088912696324263,-0.0010461956,lstm,14
2024-10-16,0.0015950475350728,0.0013145879,lstm,14
2024-10-17,0.0122018259694868,-0.00041781366,lstm,14
2024-10-18,0.0062781055487758,-0.00066669285,lstm,14
2024-10-21,-0.0026252084433402,-0.0014525801,lstm,14
2024-10-22,-0.021860225665569,-0.0004895106,lstm,14
2024-10-23,-0.0008236498497984,-0.0028338358,lstm,14
2024-10-24,0.0036365091285522,0.0008547306,lstm,14
2024-10-25,0.0085626488392234,0.002099499,lstm,14
2024-10-28,0.001156162061893,0.0009538159,lstm,14
2024-10-29,-0.0153958321970845,-0.00036910176,lstm,14
2024-10-30,-0.0183773174872015,-0.004180357,lstm,14
2024-10-31,-0.0133685870981237,-0.0038694218,lstm,14
2024-11-01,-0.0040457178215269,0.00051631033,lstm,14
2024-11-04,0.0064652605620484,0.0052948,lstm,14
2024-11-05,-0.003272279095066,0.0053253397,lstm,14
2024-11-06,0.0211469210299577,-0.0017474145,lstm,14
2024-11-07,-0.0022884835745838,0.0018953308,lstm,14
2024-11-08,-0.0121015283507985,-0.0002664551,lstm,14
2024-11-11,0.0,-0.001255326,lstm,14
2024-11-12,0.0039612799447406,0.0016593337,lstm,14
2024-11-13,0.0136765096790758,0.00082776695,lstm,14
2024-11-14,-0.0142096791509133,0.0032943487,lstm,14
2024-11-15,0.0133329609383733,0.0010520294,lstm,14
2024-11-18,0.0011395771783196,0.003710784,lstm,14
2024-11-19,0.0031490632331264,0.004572712,lstm,14
2024-11-20,-0.0020982510017549,0.003749527,lstm,14
2024-11-21,0.0058901579422149,0.0031205192,lstm,14
2024-11-22,0.0129664264824687,0.0026109964,lstm,14
2024-11-25,0.0093604533412283,0.0003022924,lstm,14
2024-11-26,-0.0005532240636161,-0.0011429712,lstm,14
2024-11-27,0.0101640191618603,-0.002239436,lstm,14
2024-11-29,0.0094775284417267,-0.0019933805,lstm,14
2024-12-02,0.0126909368392794,-0.004195221,lstm,14
2024-12-03,0.0014825214548612,-0.001996778,lstm,14
2024-12-04,0.0001234390704178,-0.0031102076,lstm,14
2024-12-05,-0.0008232360410316,-0.0020827577,lstm,14
2024-12-06,0.015972903131696,-0.0019569993,lstm,14
2024-12-09,0.0041252354208013,-0.002256833,lstm,14
2024-12-10,-0.0051794667403223,-0.0023255423,lstm,14
2024-12-11,0.0059460229160607,-0.0025952756,lstm,14
2024-12-12,0.0006853521402387,-0.001352191,lstm,14
2024-12-13,0.0116594401901398,-0.0008312613,lstm,14
2024-12-16,0.0096726453595876,0.001003556,lstm,14
2024-12-17,-0.0216545565500444,0.0006076917,lstm,14
2024-12-18,0.0069901869364548,-0.0008633509,lstm,14
2024-12-19,0.0186410260862355,0.002364479,lstm,14
2024-12-20,0.0030602611938598,0.006809108,lstm,14
2024-12-23,0.0114127004233638,0.0008297935,lstm,14
2024-12-24,0.0031707106904937,0.00032093376,lstm,14
2024-12-26,-0.0133306526011646,-0.0015944242,lstm,14
2024-12-27,-0.0133521723490229,-0.00029237568,lstm,14
2024-12-30,-0.0070829105014057,0.004577495,lstm,14
2024-12-31,-0.0265861937430101,0.0058198273,lstm,14
2025-01-02,-0.0020114761668546,0.0040283203,lstm,14
2025-01-03,0.0067163795257249,0.0045379326,lstm,14
2025-01-06,-0.0114530643672932,0.0034096688,lstm,14
2025-01-07,0.0020209539809241,-0.0016058423,lstm,15
2025-01-08,-0.0243990450190571,0.001257699,lstm,15
2025-01-10,-0.0103980234753325,-0.0030726008,lstm,15
2025-01-13,-0.0047895880764557,0.005453024,lstm,15
2025-01-14,0.0194848418376733,0.00887382,lstm,15
2025-01-15,-0.0412389793651137,0.0056039356,lstm,15
2025-01-16,0.0075070239829137,0.0060854666,lstm,15
2025-01-17,-0.0324362155667787,0.011092728,lstm,15
2025-01-21,0.0053307288558852,0.012881309,lstm,15
2025-01-22,-0.0007597853584952,0.021279385,lstm,15
2025-01-23,-0.0039423260359642,0.021915512,lstm,15
2025-01-24,0.0312856986582985,0.024096461,lstm,15
2025-01-27,0.0358920607199488,0.0040971152,lstm,15
2025-01-28,0.0046062060201635,0.005164709,lstm,15
2025-01-29,-0.0074222136889139,0.0060470887,lstm,15
2025-01-30,-0.0067146786215198,0.00027707592,lstm,15
2025-01-31,-0.0344423414756209,-0.019194707,lstm,15
2025-02-03,0.0207902654162189,-0.007871203,lstm,15
2025-02-04,-0.0014185392712259,-0.006640237,lstm,15
2025-02-05,0.0032210296313318,-0.009145804,lstm,15
2025-02-06,-0.0242606941163623,-0.010883387,lstm,15
2025-02-07,8.780975987685215e-05,-0.01137146,lstm,15
2025-02-10,0.021596864950554,-0.005206868,lstm,15
2025-02-11,0.0181052469002164,-0.0052414276,lstm,15
2025-02-12,0.0194822371053569,-0.0033032708,lstm,15
2025-02-13,0.0126305642801643,-5.197525e-05,lstm,15
2025-02-14,-0.0005316412126182,0.004444752,lstm,15
2025-02-18,0.0016348305414047,0.0016160496,lstm,15
2025-02-19,0.0039128100454555,0.003922075,lstm,15
2025-02-20,-0.0011396426668541,0.002884198,lstm,15
2025-02-21,0.0062925327816455,0.003851436,lstm,15
2025-02-24,-0.0002428980359896,0.0048982687,lstm,15
2025-02-25,-0.0274124376541138,0.002437096,lstm,15
2025-02-26,-0.0128126257029957,-0.00070622936,lstm,15
2025-02-27,0.0189511590264534,-0.00011198968,lstm,15
2025-02-28,-0.0158796243089097,-0.0034642555,lstm,15
2025-03-03,-0.0088615912050095,-0.00452717,lstm,15
2025-03-04,-0.0008055937143746,-0.002394624,lstm,15
2025-03-05,-0.001740733900549,-0.00042996928,lstm,15
2025-03-06,0.0157676345143951,-0.0010824874,lstm,15
2025-03-07,-0.0496941230571603,0.0010516308,lstm,15
2025-03-10,-0.0296238628236917,-0.0034666397,lstm,15
2025-03-11,-0.0176332771294782,0.013170319,lstm,15
2025-03-12,-0.0342226396190386,0.029037599,lstm,15
2025-03-13,0.0180074948098526,0.04777065,lstm,15
2025-03-14,0.0023859961273081,0.03543721,lstm,15
2025-03-17,-0.0061402970166906,0.029442031,lstm,15
2025-03-18,0.0119179921371695,0.020578984,lstm,15
2025-03-19,-0.005310486038914,0.00806969,lstm,15
2025-03-20,0.019289624021771,0.012269337,lstm,15
2025-03-21,0.0112073676718826,-0.0032564066,lstm,15
2025-03-24,0.0135891413578946,-0.004522767,lstm,15
2025-03-25,-0.0099713421707094,-0.005126845,lstm,15
2025-03-26,0.0104181969688148,-0.0005683489,lstm,15
2025-03-27,-0.0269399980131232,0.00023510307,lstm,15
2025-03-28,0.0192266041113627,0.0027579404,lstm,15
2025-03-31,0.0047606195234744,0.0014071874,lstm,15
2025-04-01,0.0031314195104993,0.00043899938,lstm,15
2025-04-02,-0.0970133431749755,-0.0035392977,lstm,15
2025-04-03,-0.0756802885956216,0.003100492,lstm,15
2025-04-04,-0.037425944574046,-0.008382726,lstm,16
2025-04-07,-0.051101930578596,0.014307592,lstm,16
2025-04-08,0.142617452185724,0.014928188,lstm,16
2025-04-09,-0.0433186531060965,-0.043285202,lstm,16
2025-04-10,0.039792139592271,-0.021096334,lstm,16
2025-04-11,0.0218143793642545,-0.0032916926,lstm,16
2025-04-14,-0.0018781445711302,-0.028722916,lstm,16
2025-04-15,-0.0397115575839912,-0.05451505,lstm,16
2025-04-16,0.0138532130086594,0.004996009,lstm,16
2025-04-17,-0.0195832990874515,-0.0052251443,lstm,16
2025-04-21,0.0334976683522773,0.0069487914,lstm,16
2025-04-22,0.0240403350324195,-0.011517834,lstm,16
2025-04-23,0.0182584387997526,-0.011395302,lstm,16
2025-04-24,0.0043577402872305,0.002870191,lstm,16
2025-04-25,0.0041009099201662,-0.0036310516,lstm,16
2025-04-28,0.0050789586275594,0.0016236156,lstm,16
2025-04-29,0.0060890573807824,0.0018126518,lstm,16
2025-04-30,0.0038514317023505,-0.0007940717,lstm,16
2025-05-01,-0.0380775499417539,-0.0032031126,lstm,16
2025-05-02,-0.0319639651187027,0.0056474544,lstm,16
2025-05-05,-0.0019124559862643,0.013746332,lstm,16
2025-05-06,-0.0114500923575833,0.016218591,lstm,16
2025-05-07,0.0062986213002741,0.014160808,lstm,16
2025-05-08,0.0052522380974868,0.00047964603,lstm,16
2025-05-09,0.0599221293005481,0.0033750422,lstm,16
2025-05-12,0.0101010934401718,-0.0015201308,lstm,16
2025-05-13,-0.0028217619836696,-0.0074591637,lstm,16
2025-05-14,-0.0041531273313586,-0.0027938224,lstm,16
2025-05-15,-0.0008989730928671,-0.0028751567,lstm,16
2025-05-16,-0.0118085162597905,-0.006552335,lstm,16
2025-05-19,-0.0092388212331014,0.004243221,lstm,16
2025-05-20,-0.023329114291235,0.0069102347,lstm,16
2025-05-21,-0.0036187707507698,0.010341976,lstm,16
2025-05-22,-0.0307111157260403,0.010419834,lstm,16
2025-05-23,0.0249836110855662,0.013277341,lstm,16
2025-05-27,0.0010483062763625,0.0056103207,lstm,16
2025-05-28,-0.0023478354638725,0.001537092,lstm,16
2025-05-29,0.0044910711634954,-0.0009773858,lstm,16
2025-05-30,0.0042230386362656,-0.0067004003,lstm,16
2025-06-02,0.0077537357595365,-0.005739361,lstm,16
2025-06-03,-0.0022162432937545,-0.0042394213,lstm,16
2025-06-04,-0.0108564822662564,-0.0022488087,lstm,16
2025-06-05,0.0162653110590715,-0.0015458874,lstm,16
2025-06-06,-0.0121865546001833,0.00015236065,lstm,16
2025-06-09,0.006037835008164,-0.00230423,lstm,16
2025-06-10,-0.0193803520976772,0.0032485388,lstm,16
2025-06-11,0.0021106504315444,0.0024424717,lstm,16
2025-06-12,-0.0139013993604867,0.0033102743,lstm,16
2025-06-13,0.0099780565236386,0.0073178858,lstm,16
2025-06-16,-0.0141097544421927,0.0036905222,lstm,16
2025-06-17,0.0047932499016479,0.0055512525,lstm,16
2025-06-18,0.0222354256060402,0.0017419122,lstm,16
2025-06-20,0.0024844733276619,0.000107601285,lstm,16
2025-06-23,-0.00597312347903,-0.0022484027,lstm,16
2025-06-24,0.006270833792136,-0.0034244284,lstm,16
2025-06-25,-0.0027821836407678,-0.0024104454,lstm,16
2025-06-26,0.0003979398713991,-0.004361607,lstm,16
2025-06-27,0.0201360469230661,-0.0011952594,lstm,16
2025-06-30,0.0128334608140478,-0.003938824,lstm,16
2025-07-01,0.0219872513788248,-0.0025136136,lstm,16
2025-07-02,0.0052114045316625,0.0081410445,lstm,17
2025-07-03,-0.017001618983515,0.007887695,lstm,17
2025-07-07,0.000285729880097,0.006752152,lstm,17
2025-07-08,0.0053662951961471,0.010874609,lstm,17
2025-07-09,0.0059969688087457,0.013313785,lstm,17
2025-07-10,-0.0059022291813183,0.011708152,lstm,17
2025-07-11,-0.0121017654557022,0.01122943,lstm,17
2025-07-14,0.0023460403749842,0.011057507,lstm,17
2025-07-15,0.005008730585109,0.013259004,lstm,17
2025-07-16,-0.000666378181662,0.01222992,lstm,17
2025-07-17,0.0055080310750558,0.010181959,lstm,17
2025-07-18,0.0061370304844602,0.009320908,lstm,17
2025-07-21,0.0089955545482788,0.008094381,lstm,17
2025-07-22,-0.0011667251685005,0.007851398,lstm,17
2025-07-23,-0.0018228109097861,0.007905183,lstm,17
2025-07-24,0.000561268259743,0.007978715,lstm,17
2025-07-25,0.0007945139379612,0.008084924,lstm,17
2025-07-28,-0.0130726903132789,0.008361291,lstm,17
2025-07-29,-0.0105634841341019,0.009595331,lstm,17
2025-07-30,-0.0071048049364285,0.007991743,lstm,17
2025-07-31,-0.0253215250357995,0.012547594,lstm,17
2025-08-01,0.0047815199394972,0.00316545,lstm,17
2025-08-04,-0.0021168586931033,0.0047737546,lstm,17
2025-08-05,0.0496533826968293,0.0077519147,lstm,17
2025-08-06,0.031298708772367,0.012511903,lstm,17
2025-08-07,0.0414853525112578,0.009644072,lstm,17
2025-08-08,-0.0095066250918548,0.011794708,lstm,17
2025-08-11,0.010813761630775,0.010427603,lstm,17
2025-08-12,0.015897384212123,0.0026590806,lstm,17
2025-08-13,-0.0023599721366471,0.002423957,lstm,17
2025-08-14,-0.0051252452089797,0.005689632,lstm,17
2025-08-15,-0.0030271470733911,0.0099468455,lstm,17
2025-08-18,-0.0014302823252549,0.010827813,lstm,17
2025-08-19,-0.0199318998861521,0.012495599,lstm,17
2025-08-20,-0.0049233899495598,0.015231265,lstm,17
2025-08-21,0.0126365870250977,0.012049975,lstm,17
2025-08-22,-0.0026377877210608,0.013967568,lstm,17
2025-08-25,0.0094201581256376,0.008053609,lstm,17
2025-08-26,0.0051327121240552,0.013464982,lstm,17
2025-08-27,0.0089407443724558,0.009748149,lstm,17
2025-08-28,-0.0018076104414198,0.009459556,lstm,17
2025-08-29,-0.0104794540012677,0.009580098,lstm,17
2025-09-02,0.0373823400620571,0.009960542,lstm,17
2025-09-03,0.0054783098165509,0.012187429,lstm,17
2025-09-04,-0.0003753992479963,0.009407261,lstm,17
2025-09-05,-0.0075800665758205,0.010783414,lstm,17
2025-09-08,-0.0149506149516016,0.009387518,lstm,17
2025-09-09,-0.0327913008462835,0.008615774,lstm,17
2025-09-10,0.0141852803263389,0.010268865,lstm,17
2025-09-11,0.0174105173193175,0.012566021,lstm,17
2025-09-12,0.0111732564144706,0.013524592,lstm,17
2025-09-15,0.0061071979909954,0.009532422,lstm,17
2025-09-16,0.0035210314188807,0.009158814,lstm,17
2025-09-17,-0.0046553676721179,0.0070536146,lstm,17
2025-09-18,0.0315305818698142,0.004814364,lstm,17
2025-09-19,0.0421928959913296,0.016022224,lstm,17
2025-09-22,-0.0064641229709604,0.009478569,lstm,17
2025-09-23,-0.008367239714873,0.00932136,lstm,17
2025-09-24,0.0179116207919066,0.008027351,lstm,17
2025-09-25,-0.0055042334358666,0.0073356116,lstm,17
2025-09-26,-0.004040147641167,-0.0020113476,lstm,18
2025-09-29,0.0007858099960032,0.005169358,lstm,18
2025-09-30,0.0032151535792634,0.0018816255,lstm,18
2025-10-01,0.0065551287383542,0.00034133717,lstm,18
2025-10-02,0.0034552461490576,0.002454836,lstm,18
2025-10-03,-0.0051679180679675,-0.00076986477,lstm,18
2025-10-06,-0.0008184089533852,0.0045470335,lstm,18
2025-10-07,0.0061413748668143,0.008602325,lstm,18
2025-10-08,-0.0157003980566972,0.0054296367,lstm,18
2025-10-09,-0.0351320465271235,0.0062073283,lstm,18
2025-10-10,0.0096971905945303,0.0038284473,lstm,18
2025-10-13,0.0004440611605977,-0.006082978,lstm,18
2025-10-14,0.006316498495225,-0.0022301637,lstm,18
2025-10-15,-0.0076088831645482,0.00076715276,lstm,18
2025-10-16,0.0193706638299994,0.0006025657,lstm,18
2025-10-17,0.038680884861185,-0.00045650452,lstm,18
2025-10-20,0.0020190052771787,0.0110463835,lstm,18
2025-10-21,-0.0165767841596911,0.009602714,lstm,18
2025-10-22,0.0043625896571767,0.004794199,lstm,18
2025-10-23,0.0124045265523875,0.0043073185,lstm,18
2025-10-24,0.0225353861723753,0.003538195,lstm,18
2025-10-27,0.0007065783461586,0.0016787238,lstm,18
2025-10-28,0.0025988958053615,0.002799008,lstm,18
2025-10-29,0.006283449504564,0.00037523732,lstm,18
2025-10-30,-0.0038023517033056,-0.0006895475,lstm,18
2025-10-31,-0.0048941826438965,-0.0031280369,lstm,18
2025-11-03,0.0036729372522777,0.0065890215,lstm,18
2025-11-04,0.0003702695411318,0.0055749156,lstm,18
2025-11-05,-0.0013706939682153,0.0045819916,lstm,18
2025-11-06,-0.0048305229799918,0.001257848,lstm,18
2025-11-07,0.003569408757078,0.0051915906,lstm,18
2025-11-10,0.0213711864359464,0.006567795,lstm,18
2025-11-11,-0.006487844507194,0.004089374,lstm,18
2025-11-12,-0.0019032581452385,0.006016534,lstm,18
2025-11-13,-0.0019803751859178,0.0069479756,lstm,18
2025-11-14,-0.0183383072681993,0.00561988,lstm,18
2025-11-17,-7.473925559643532e-05,0.0057778023,lstm,18
2025-11-18,0.0041790923404069,0.00502659,lstm,18
2025-11-19,-0.0086386265574151,4.3157488e-05,lstm,18
2025-11-20,0.0194895532890237,-0.0010489225,lstm,18
2025-11-21,0.016185746981243,-0.002043739,lstm,18
2025-11-24,0.0037981841864668,0.004084494,lstm,18
2025-11-25,0.0020918516744236,0.007409904,lstm,18
2025-11-26,0.0046729715689383,0.010574091,lstm,18
2025-11-28,0.0151261889536981,0.005361546,lstm,18
2025-12-01,0.0108557207642249,0.0031230934,lstm,18
2025-12-02,-0.0071536881784303,-0.0007378422,lstm,18
2025-12-03,-0.0122157194075665,0.0007774383,lstm,18
2025-12-04,-0.0068635909326489,0.0020867512,lstm,18
2025-12-05,-0.0031975312758841,0.002779048,lstm,18
2025-12-08,-0.0025583164305193,0.0030533634,lstm,18
2025-12-09,0.0057558477064034,0.0025804155,lstm,18
2025-12-10,-0.0026939187761114,0.0003441088,lstm,18
2025-12-11,0.0008987795219441,0.0005914159,lstm,18
2025-12-12,-0.0150983644301995,0.0015689209,lstm,18
2025-12-15,0.0018224236954371,0.0014727265,lstm,18
2025-12-16,-0.010138211482018,0.002947975,lstm,18
2025-12-17,0.00128671636708,0.0033558346,lstm,18
2025-12-18,0.0054226892243876,-0.0010029711,lstm,18
2025-12-19,-0.0099149318937192,0.007584568,lstm,18
2025-12-22,0.0051165486815904,0.0018211007,lstm,19
2025-12-23,0.005309759449072,0.0058411956,lstm,19
2025-12-24,-0.0014985243151119,0.007642068,lstm,19
2025-12-26,0.0013159438507369,0.006990291,lstm,19
2025-12-29,-0.0024871024374482,0.0073837657,lstm,19
2025-12-30,-0.00447756935383,0.0055674743,lstm,19
